$ ['patch', '--batch', '--reverse', '--dry-run', '-p1', '-i', '<PROJECT_ROOT>/patches/0001-address-unaligned-memcpy.patch']
checking file src/ucp/wireup/address.c
checking file src/uct/sm/self/self.c
$ ['patch', '--batch', '--forward', '-p1', '-i', '<PROJECT_ROOT>/patches/0002-hello-free-peer-address.patch']
patching file examples/ucp_hello_world.c
$ ['/tmp/ucx-clinic-38becbb6c7/patched-align-src/configure', 'CC=clang', 'CXX=clang++', 'CFLAGS=-g -O2 -fsanitize=alignment -Wno-error=default-const-init-var-unsafe', 'CXXFLAGS=-g -O2 -fsanitize=alignment -Wno-error=default-const-init-var-unsafe', 'LDFLAGS=-fsanitize=alignment', '--prefix=/tmp/ucx-clinic-38becbb6c7/patched-align-install', '--without-cuda', '--without-rocm', '--without-ze', '--without-verbs', '--without-knem', '--without-xpmem', '--disable-cma', '--without-gdrcopy', '--without-java', '--without-go']
checking for gcc... clang
checking whether the C compiler works... yes
checking for C compiler default output file name... a.out
checking for suffix of executables... 
checking whether we are cross compiling... no
checking for suffix of object files... o
checking whether the compiler supports GNU C... yes
checking whether clang accepts -g... yes
checking for clang option to enable C11 features... none needed
checking whether clang understands -c and -o together... yes
checking for stdio.h... yes
checking for stdlib.h... yes
checking for string.h... yes
checking for inttypes.h... yes
checking for stdint.h... yes
checking for strings.h... yes
checking for sys/stat.h... yes
checking for sys/types.h... yes
checking for unistd.h... yes
checking for wchar.h... yes
checking for minix/config.h... no
checking whether it is safe to define __EXTENSIONS__... yes
checking whether _XOPEN_SOURCE should be defined... no
checking for git... yes
checking for a BSD-compatible install... /usr/bin/install -c
checking whether sleep supports fractional seconds... yes
checking filesystem timestamp resolution... /tmp/ucx-clinic-38becbb6c7/patched-align-src/configure: line 5372: ?: command not found
ls: cannot access 'conftest.20260906201221': No such file or directory
/tmp/ucx-clinic-38becbb6c7/patched-align-src/configure: line 5414: ?: command not found
ls: cannot access 'conftest.20260906201221': No such file or directory
/tmp/ucx-clinic-38becbb6c7/patched-align-src/configure: line 5414: ?: command not found
/tmp/ucx-clinic-38becbb6c7/patched-align-src/configure: line 5472: ?: command not found
2
checking whether build environment is sane... yes
checking for a race-free mkdir -p... /usr/bin/mkdir -p
checking for gawk... no
checking for mawk... mawk
checking whether make sets $(MAKE)... yes
checking whether make supports the include directive... yes (GNU style)
checking whether make supports nested variables... yes
checking xargs -n works... yes
checking whether UID '1000' is supported by ustar format... yes
checking whether GID '1000' is supported by ustar format... yes
checking how to create a ustar tar archive... gnutar
checking dependency style of clang... gcc3
checking whether to enable maintainer-specific portions of Makefiles... no
checking for gcc... (cached) clang
checking whether the compiler supports GNU C... (cached) yes
checking whether clang accepts -g... (cached) yes
checking for clang option to enable C11 features... (cached) none needed
checking whether clang understands -c and -o together... (cached) yes
checking whether the compiler supports GNU C++... yes
checking whether clang++ accepts -g... yes
checking for clang++ option to enable C++11 features... none needed
checking dependency style of clang++... gcc3
checking for clang option to support OpenMP... unsupported
checking dependency style of clang... gcc3
checking whether ln -s works... yes
checking for a sed that does not truncate output... /usr/bin/sed
checking build system type... x86_64-pc-linux-gnu
checking host system type... x86_64-pc-linux-gnu
checking how to print strings... printf
checking for a sed that does not truncate output... (cached) /usr/bin/sed
checking for grep that handles long lines and -e... /usr/bin/grep
checking for egrep... /usr/bin/grep -E
checking for fgrep... /usr/bin/grep -F
checking for ld used by clang... /usr/bin/ld
checking if the linker (/usr/bin/ld) is GNU ld... yes
checking for BSD- or MS-compatible name lister (nm)... /usr/bin/nm -B
checking the name lister (/usr/bin/nm -B) interface... BSD nm
checking the maximum length of command line arguments... 3145728
checking how to convert x86_64-pc-linux-gnu file names to x86_64-pc-linux-gnu format... func_convert_file_noop
checking how to convert x86_64-pc-linux-gnu file names to toolchain format... func_convert_file_noop
checking for /usr/bin/ld option to reload object files... -r
checking for file... file
checking for objdump... objdump
checking how to recognize dependent libraries... pass_all
checking for dlltool... no
checking how to associate runtime and link libraries... printf %s\n
checking for ranlib... ranlib
checking for ar... ar
checking for archiver @FILE support... @
checking for strip... strip
checking command to parse /usr/bin/nm -B output from clang object... ok
checking for sysroot... no
checking for a working dd... /usr/bin/dd
checking how to truncate binary pipes... /usr/bin/dd bs=4096 count=1
checking for mt... mt
checking if mt is a manifest tool... no
checking for dlfcn.h... yes
checking for objdir... .libs
checking if clang supports -fno-rtti -fno-exceptions... yes
checking for clang option to produce PIC... -fPIC -DPIC
checking if clang PIC flag -fPIC -DPIC works... yes
checking if clang static flag -static works... yes
checking if clang supports -c -o file.o... yes
checking if clang supports -c -o file.o... (cached) yes
checking whether the clang linker (/usr/bin/ld -m elf_x86_64) supports shared libraries... yes
checking whether -lc should be explicitly linked in... no
checking dynamic linker characteristics... GNU/Linux ld.so
checking how to hardcode library paths into programs... immediate
checking whether stripping libraries is possible... yes
checking if libtool supports shared libraries... yes
checking whether to build shared libraries... yes
checking whether to build static libraries... yes
checking how to run the C++ preprocessor... clang++ -E
checking for ld used by clang++... /usr/bin/ld -m elf_x86_64
checking if the linker (/usr/bin/ld -m elf_x86_64) is GNU ld... yes
checking whether the clang++ linker (/usr/bin/ld -m elf_x86_64) supports shared libraries... yes
checking for clang++ option to produce PIC... -fPIC -DPIC
checking if clang++ PIC flag -fPIC -DPIC works... yes
checking if clang++ static flag -static works... yes
checking if clang++ supports -c -o file.o... yes
checking if clang++ supports -c -o file.o... (cached) yes
checking whether the clang++ linker (/usr/bin/ld -m elf_x86_64) supports shared libraries... yes
checking dynamic linker characteristics... (cached) GNU/Linux ld.so
checking how to hardcode library paths into programs... immediate
checking for cos in -lm... yes
checking for C/C++ restrict keyword... __restrict__
checking for clang options needed to detect all undeclared functions... none needed
checking whether strerror_r is declared... yes
checking whether strerror_r returns char *... yes
checking for pkg-config... /usr/bin/pkg-config
checking if ln -s supports --relative... yes
checking for dot... yes
checking for doxygen... /usr/bin/doxygen
checking for perl... /usr/bin/perl
checking for pdflatex... /usr/bin/pdflatex
checking for makeindex... /usr/bin/makeindex
checking for bibtex... /usr/bin/bibtex
checking for egrep... /usr/bin/egrep
checking for clang++ options needed to detect all undeclared functions... none needed
checking for size_t... yes
checking for nvcc... /usr/local/cuda-13.2/bin/nvcc
checking compiler flag -diag-error 10006... no
checking compiler flag -diag-error 10148... no
checking whether -diag-disable 1478 overrides deprecated declarations... no
checking whether -Wno-deprecated-declarations overrides deprecated declarations... yes
checking compiler flag -diag-disable 269... no
checking compiler flag -fmax-type-align=16... yes
configure: Detected CPU implementation: 
configure: Detected CPU architecture: 
configure: Detected CPU variant: 
configure: Detected CPU part: 
checking for __attribute__(optimize)... 0
checking compiler flag -funwind-tables... yes
configure: compiling with unwind tables
checking compiler flag stack_usage_check... yes
checking if clang++ works... yes
checking c++11 support... yes
checking gnu++11 support... yes
checking whether _GLIBCXX_NOTHROW is declared... yes
checking compiler flag --display_error_number... no
checking compiler flag --diag_suppress 1... no
checking compiler flag --diag_suppress 68... no
checking compiler flag --diag_suppress 111... no
checking compiler flag --diag_suppress 167... no
checking compiler flag --diag_suppress 181... no
checking compiler flag --diag_suppress 188... no
checking compiler flag --diag_suppress 381... no
checking compiler flag --diag_suppress 1215... no
checking compiler flag --diag_suppress 1626... no
checking compiler flag --diag_suppress 1901... no
checking compiler flag --diag_suppress 1902... no
checking compiler flag -pedantic... yes
checking compiler flag -Wl,-dynamic-list-data... yes
checking compiler flag -Wno-missing-field-initializers... yes
checking compiler flag -Wno-unused-parameter... yes
checking compiler flag -Wno-unused-label... yes
checking compiler flag -Wno-long-long... yes
checking compiler flag -Wno-endif-labels... yes
checking compiler flag -Wno-sign-compare... yes
checking compiler flag -Wno-multichar... yes
checking compiler flag -Wno-deprecated-declarations... yes
checking compiler flag -Winvalid-pch... yes
checking compiler flag -Wno-pointer-sign... yes
checking compiler flag -Werror-implicit-function-declaration... yes
checking compiler flag -Wno-format-zero-length... yes
checking compiler flag -Wnested-externs... yes
checking compiler flag -Wshadow... yes
checking compiler flag -Werror=declaration-after-statement... yes
checking for working alloca.h... yes
checking for alloca... yes
checking for shm_open in -lrt... yes
checking for timer_create in -lrt... yes
checking for libgen.h... yes
checking whether asprintf is declared... yes
checking whether basename is declared... yes
checking whether fmemopen is declared... yes
checking for sys/cpuset.h... no
checking whether CPU_ZERO is declared... yes
checking whether CPU_ISSET is declared... yes
checking for cpu_set_t... yes
checking for cpuset_t... no
checking for sighandler_t... yes
checking for __sighandler_t... yes
checking for pthread_np.h... no
checking for library containing pthread_create... none required
checking for library containing pthread_atfork... none required
checking for clearenv... yes
checking for malloc_trim... yes
checking for memalign... yes
checking for posix_memalign... yes
checking for mremap... yes
checking for sched_setaffinity... yes
checking for sched_getaffinity... yes
checking for cpuset_setaffinity... no
checking for cpuset_getaffinity... no
checking whether F_SETOWN_EX is declared... yes
checking whether ethtool_cmd_speed is declared... yes
checking whether SPEED_UNKNOWN is declared... yes
checking for sys/platform/ppc.h... no
checking whether __ppc_get_timebase_freq is declared... no
checking whether __ppc_get_timebase is declared... no
checking for using Google C++ Testing Framework... no
configure: Valgrind support disabled
checking malloc hooks... no
configure: WARNING: malloc hooks are not supported
checking for sys/capability.h... no
checking whether PR_SET_PTRACER is declared... yes
checking for struct in6_addr.s6_addr32... yes
checking for struct in6_addr.__u6_addr.__u6_addr32... no
checking for struct iphdr.daddr.s_addr... no
checking for struct ip.ip_dst.s_addr... yes
checking for struct sigevent._sigev_un._tid... yes
checking for struct sigevent.sigev_notify_thread_id... no
checking for struct sigaction.sa_restorer... yes
checking for sys/epoll.h... yes
checking for sys/eventfd.h... yes
checking for sys/event.h... no
checking for sys/thr.h... no
checking for malloc.h... yes
checking for malloc_np.h... no
checking for endian.h,... no
checking for sys/endian.h... no
checking for ieee754.h... yes
checking for linux/mman.h... yes
checking for linux/ip.h... yes
checking for linux/futex.h... yes
checking for net/ethernet.h... yes
checking for netinet/ip.h... yes
checking for brk... yes
checking for sbrk... yes
configure: Memory allocator is ptmalloc-2.8.6 version
checking for malloc_get_state... no
checking for malloc_set_state... no
checking whether MADV_FREE is declared... yes
checking whether MADV_REMOVE is declared... yes
checking whether POSIX_MADV_DONTNEED is declared... yes
checking whether getauxval is declared... yes
checking whether SYS_mmap is declared... yes
checking whether SYS_munmap is declared... yes
checking whether SYS_mremap is declared... yes
checking whether SYS_brk is declared... yes
checking whether SYS_madvise is declared... yes
checking whether SYS_shmat is declared... yes
checking whether SYS_shmdt is declared... yes
checking whether SYS_ipc is declared... no
checking for __curbrk... yes
checking for tc_malloc in -ltcmalloc... no
Package fuse3 was not found in the pkg-config search path.
Perhaps you should add the directory containing `fuse3.pc'
to the PKG_CONFIG_PATH environment variable
Package 'fuse3' not found
Package fuse3 was not found in the pkg-config search path.
Perhaps you should add the directory containing `fuse3.pc'
to the PKG_CONFIG_PATH environment variable
Package 'fuse3' not found
Package fuse3 was not found in the pkg-config search path.
Perhaps you should add the directory containing `fuse3.pc'
to the PKG_CONFIG_PATH environment variable
Package 'fuse3' not found
checking whether fuse_open_channel is declared... no
checking whether fuse_mount is declared... no
checking whether fuse_unmount is declared... no
configure: WARNING: GO support was explicitly disabled.
configure: WARNING: Java support was explicitly disabled.
configure: Infiniband MAD Path not specified. Guessing ...
checking for infiniband/mad.h... no
checking for infiniband/umad.h... no
checking for infiniband/umad_types.h... no
configure: WARNING: Disabling support for Infiniband MAD
configure: WARNING: LCOV support is not enabled.
configure: WARNING: ROCm was explicitly disabled
checking whether inotify_init is declared... yes
checking whether inotify_add_watch is declared... yes
checking whether IN_ATTRIB is declared... yes
checking for bfd_openr in -lbfd... no
checking for bfd_openr in -lbfd... no
checking for bfd_openr in -lbfd... no
checking for bfd.h... no
checking for struct dl_phdr_info... yes
checking __attribute__((constructor))... yes
configure: enabling builtin memcpy
checking for __clear_cache... yes
checking for __aarch64_sync_cache_range... no
checking whether SYS_pidfd_getfd is declared... yes
configure: WARNING: GDR_COPY was explicitly disabled
configure: Compiling without verbs support
configure: WARNING: KNEM was explicitly disabled
checking cray-ugni... no
checking for hlthunk.h... no
configure: WARNING: GAUDI not found
checking whether IPPROTO_TCP is declared... yes
checking whether SOL_SOCKET is declared... yes
checking whether SO_KEEPALIVE is declared... yes
checking whether TCP_KEEPCNT is declared... yes
checking whether TCP_KEEPIDLE is declared... yes
checking whether TCP_KEEPINTVL is declared... yes
checking compiler flag -fno-exceptions... yes
checking compiler flag -fno-rtti... yes
checking compiler flag --no_exceptions... no
checking compiler flag -fno-tree-vectorize... yes
checking compiler flag --diag_suppress 186... no
checking compiler flag --diag_suppress 236... no
checking compiler flag -Wno-noexcept-type... yes
checking that generated files are newer than configure... done
configure: creating ./config.status
config.status: creating src/ucm/cuda/Makefile
config.status: creating src/ucm/rocm/Makefile
config.status: creating src/ucm/ze/Makefile
config.status: creating src/ucm/Makefile
config.status: creating src/ucs/vfs/sock/Makefile
config.status: creating src/ucs/vfs/fuse/Makefile
config.status: creating src/ucs/vfs/fuse/ucx-fuse.pc
config.status: creating src/ucs/Makefile
config.status: creating src/ucs/signal/Makefile
config.status: creating src/ucs/ucx-ucs.pc
config.status: creating src/uct/cuda/gdr_copy/Makefile
config.status: creating src/uct/cuda/gdr_copy/ucx-gdrcopy.pc
config.status: creating src/uct/cuda/Makefile
config.status: creating src/uct/cuda/ucx-cuda.pc
config.status: creating src/uct/ib/rdmacm/Makefile
config.status: creating src/uct/ib/rdmacm/ucx-rdmacm.pc
config.status: creating src/uct/ib/mlx5/Makefile
config.status: creating src/uct/ib/mlx5/ucx-ib-mlx5.pc
config.status: creating src/uct/ib/mlx5/gdaki/Makefile
config.status: creating src/uct/ib/mlx5/gdaki/ucx-ib-mlx5-gda.pc
config.status: creating src/uct/ib/efa/Makefile
config.status: creating src/uct/ib/efa/ucx-ib-efa.pc
config.status: creating src/uct/ib/Makefile
config.status: creating src/uct/ib/ucx-ib.pc
config.status: creating src/uct/rocm/Makefile
config.status: creating src/uct/rocm/ucx-rocm.pc
config.status: creating src/uct/sm/scopy/cma/Makefile
config.status: creating src/uct/sm/scopy/cma/ucx-cma.pc
config.status: creating src/uct/sm/scopy/knem/Makefile
config.status: creating src/uct/sm/scopy/knem/ucx-knem.pc
config.status: creating src/uct/sm/scopy/Makefile
config.status: creating src/uct/sm/mm/xpmem/Makefile
config.status: creating src/uct/sm/mm/xpmem/ucx-xpmem.pc
config.status: creating src/uct/sm/mm/Makefile
config.status: creating src/uct/sm/Makefile
config.status: creating src/uct/ugni/Makefile
config.status: creating src/uct/ugni/ucx-ugni.pc
config.status: creating src/uct/ze/Makefile
config.status: creating src/uct/ze/ucx-ze.pc
config.status: creating src/uct/gaudi/Makefile
config.status: creating src/uct/gaudi/ucx-gaudi.pc
config.status: creating src/uct/Makefile
config.status: creating src/uct/ucx-uct.pc
config.status: creating src/tools/perf/lib/Makefile
config.status: creating src/tools/perf/cuda/Makefile
config.status: creating src/tools/perf/rocm/Makefile
config.status: creating src/tools/perf/ze/Makefile
config.status: creating src/tools/perf/mad/Makefile
config.status: creating src/tools/perf/Makefile
config.status: creating test/gtest/common/googletest/Makefile
config.status: creating test/gtest/ucm/test_dlopen/Makefile
config.status: creating test/gtest/ucm/test_dlopen/rpath-subdir/Makefile
config.status: creating test/gtest/ucs/test_module/Makefile
config.status: creating test/gtest/Makefile
config.status: creating test/apps/uct_info/Makefile
config.status: creating Makefile
config.status: creating docs/doxygen/header.tex
config.status: creating src/uct/api/version.h
config.status: creating ucx.spec
config.status: creating ucx.pc
config.status: creating contrib/rpmdef.sh
config.status: creating contrib/ucx
config.status: creating debian/rules
config.status: creating debian/control
config.status: creating debian/changelog
config.status: creating src/ucp/Makefile
config.status: creating src/ucp/api/ucp_version.h
config.status: creating src/ucp/core/ucp_version.c
config.status: creating src/tools/vfs/Makefile
config.status: creating src/tools/info/Makefile
config.status: creating src/tools/profile/Makefile
config.status: creating test/apps/Makefile
config.status: creating test/apps/iodemo/Makefile
config.status: creating test/apps/profiling/Makefile
config.status: creating test/mpi/Makefile
config.status: creating bindings/go/Makefile
config.status: creating bindings/java/Makefile
config.status: creating bindings/java/pom.xml
config.status: creating bindings/java/src/main/native/Makefile
config.status: creating examples/Makefile
config.status: creating cmake/Makefile
config.status: creating cmake/ucx-config-version.cmake
config.status: creating cmake/ucx-config.cmake
config.status: creating cmake/ucx-targets.cmake
config.status: creating config/Makefile
config.status: creating test/mpi/run_mpi.sh
config.status: creating config.h
config.status: executing depfiles commands
config.status: executing libtool commands
configure: =========================================================
configure: UCX build configuration:
configure:         Build prefix:   /tmp/ucx-clinic-38becbb6c7/patched-align-install
configure:    Configuration dir:   ${prefix}/etc/ucx
configure:                   CC:   clang
configure:                  CXX:   clang++
configure:             CPPFLAGS:   -DCPU_FLAGS="" -I${abs_top_srcdir}/src -I${abs_top_builddir} -I${abs_top_builddir}/src 
configure:               CFLAGS:   -O3 -g -Wall -Werror -fmax-type-align=16 -funwind-tables -Wframe-larger-than=8192 -Wno-missing-field-initializers -Wno-unused-parameter -Wno-unused-label -Wno-long-long -Wno-endif-labels -Wno-sign-compare -Wno-multichar -Wno-deprecated-declarations -Winvalid-pch -Wno-pointer-sign -Werror-implicit-function-declaration -Wno-format-zero-length -Wnested-externs -Wshadow -Werror=declaration-after-statement -g -O2 -fsanitize=alignment -Wno-error=default-const-init-var-unsafe
configure:             CXXFLAGS:   -O3 -g -Wall -Werror -fmax-type-align=16 -funwind-tables -Wframe-larger-than=8192 -Wno-missing-field-initializers -Wno-unused-parameter -Wno-unused-label -Wno-long-long -Wno-endif-labels -Wno-sign-compare -Wno-multichar -Wno-deprecated-declarations -Winvalid-pch -g -O2 -fsanitize=alignment -Wno-error=default-const-init-var-unsafe
configure:           ASAN check:   no
configure:         Multi-thread:   disabled
configure:            MPI tests:   disabled
configure:          VFS support:   no
configure:        Devel headers:   no
configure:        SONAME suffix:   <disabled>
configure:      Module deepbind:   no
configure: io_demo CUDA support:   no
configure:             Bindings:   < >
configure:          UCS modules:   < >
configure:          UCT modules:   < >
configure:         CUDA modules:   < >
configure:         ROCM modules:   < >
configure:           IB modules:   < >
configure:         MLX5 modules:   < >
configure:          UCM modules:   < >
configure:         Perf modules:   < >
configure: =========================================================
$ ['make', '-j4']
make  all-recursive
make[1]: Entering directory '/tmp/ucx-clinic-38becbb6c7/patched-align'
Making all in src/ucm
make[2]: Entering directory '/tmp/ucx-clinic-38becbb6c7/patched-align/src/ucm'
Making all in .
make[3]: Entering directory '/tmp/ucx-clinic-38becbb6c7/patched-align/src/ucm'
  CC       event/libucm_la-event.lo
  CC       mmap/libucm_la-install.lo
  CC       malloc/libucm_la-malloc_hook.lo
  CC       util/libucm_la-replace.lo
  CC       util/libucm_la-log.lo
  CC       util/libucm_la-reloc.lo
  CC       util/libucm_la-sys.lo
  CC       bistro/libucm_la-bistro.lo
  CC       bistro/libucm_la-bistro_x86_64.lo
  CC       bistro/libucm_la-bistro_aarch64.lo
  CC       bistro/libucm_la-bistro_ppc64.lo
  CC       bistro/libucm_la-bistro_rv64.lo
  CC       ptmalloc286/libucm_la-malloc.lo
  CCLD     libucm.la
make[3]: Leaving directory '/tmp/ucx-clinic-38becbb6c7/patched-align/src/ucm'
Making all in cuda
make[3]: Entering directory '/tmp/ucx-clinic-38becbb6c7/patched-align/src/ucm/cuda'
make[3]: Nothing to be done for 'all'.
make[3]: Leaving directory '/tmp/ucx-clinic-38becbb6c7/patched-align/src/ucm/cuda'
Making all in rocm
make[3]: Entering directory '/tmp/ucx-clinic-38becbb6c7/patched-align/src/ucm/rocm'
make[3]: Nothing to be done for 'all'.
make[3]: Leaving directory '/tmp/ucx-clinic-38becbb6c7/patched-align/src/ucm/rocm'
Making all in ze
make[3]: Entering directory '/tmp/ucx-clinic-38becbb6c7/patched-align/src/ucm/ze'
make[3]: Nothing to be done for 'all'.
make[3]: Leaving directory '/tmp/ucx-clinic-38becbb6c7/patched-align/src/ucm/ze'
make[2]: Leaving directory '/tmp/ucx-clinic-38becbb6c7/patched-align/src/ucm'
Making all in src/ucs
make[2]: Entering directory '/tmp/ucx-clinic-38becbb6c7/patched-align/src/ucs'
Making all in vfs/sock
make[3]: Entering directory '/tmp/ucx-clinic-38becbb6c7/patched-align/src/ucs/vfs/sock'
  CC       libucs_vfs_sock_la-vfs_sock.lo
  CCLD     libucs_vfs_sock.la
make[3]: Leaving directory '/tmp/ucx-clinic-38becbb6c7/patched-align/src/ucs/vfs/sock'
Making all in .
make[3]: Entering directory '/tmp/ucx-clinic-38becbb6c7/patched-align/src/ucs'
  CC       algorithm/libucs_la-crc.lo
  CC       algorithm/libucs_la-qsort_r.lo
  CC       algorithm/libucs_la-string_distance.lo
  CC       arch/ppc64/libucs_la-timebase.lo
  CC       arch/x86_64/libucs_la-cpu.lo
  CC       arch/x86_64/libucs_la-global_opts.lo
  CC       arch/libucs_la-cpu.lo
  CC       async/libucs_la-async.lo
  CC       async/libucs_la-signal.lo
  CC       async/libucs_la-pipe.lo
  CC       async/libucs_la-eventfd.lo
  CC       async/libucs_la-thread.lo
  CC       config/libucs_la-global_opts.lo
  CC       config/libucs_la-ucm_opts.lo
  CC       config/libucs_la-ini.lo
  CC       config/libucs_la-parser.lo
  CC       datastruct/libucs_la-arbiter.lo
  CC       datastruct/libucs_la-array.lo
  CC       datastruct/libucs_la-bitmap.lo
  CC       datastruct/libucs_la-callbackq.lo
  CC       datastruct/libucs_la-frag_list.lo
  CC       datastruct/libucs_la-interval_tree.lo
  CC       datastruct/libucs_la-lru.lo
  CC       datastruct/libucs_la-mpmc.lo
  CC       datastruct/libucs_la-mpool.lo
  CC       datastruct/libucs_la-mpool_set.lo
  CC       datastruct/libucs_la-pgtable.lo
  CC       datastruct/libucs_la-piecewise_func.lo
  CC       datastruct/libucs_la-ptr_array.lo
  CC       datastruct/libucs_la-ptr_map.lo
  CC       datastruct/libucs_la-strided_alloc.lo
  CC       datastruct/libucs_la-string_buffer.lo
  CC       datastruct/libucs_la-string_set.lo
  CC       datastruct/libucs_la-usage_tracker.lo
  CC       datastruct/libucs_la-conn_match.lo
  CC       debug/libucs_la-assert.lo
  CC       debug/libucs_la-debug.lo
  CC       debug/libucs_la-log.lo
  CC       debug/libucs_la-table.lo
  CC       debug/libucs_la-memtrack.lo
  CC       memory/libucs_la-memory_type.lo
  CC       memory/libucs_la-memtype_cache.lo
  CC       memory/libucs_la-numa.lo
  CC       memory/libucs_la-rcache.lo
  CC       memory/libucs_la-rcache_vfs.lo
  CC       profile/libucs_la-profile.lo
  CC       stats/libucs_la-stats.lo
  CC       sys/libucs_la-event_set.lo
  CC       sys/libucs_la-init.lo
  CC       sys/libucs_la-math.lo
  CC       sys/libucs_la-module.lo
  CC       sys/libucs_la-string.lo
  CC       sys/libucs_la-sys.lo
  CC       sys/libucs_la-iovec.lo
  CC       sys/libucs_la-lib.lo
  CC       sys/libucs_la-sock.lo
  CC       sys/topo/base/libucs_la-topo.lo
  CC       sys/libucs_la-stubs.lo
  CC       sys/libucs_la-netlink.lo
  CC       sys/libucs_la-uid.lo
  CC       time/libucs_la-time.lo
  CC       time/libucs_la-timer_wheel.lo
  CC       time/libucs_la-timerq.lo
  CC       type/libucs_la-class.lo
  CC       type/libucs_la-status.lo
  CC       type/libucs_la-spinlock.lo
  CC       type/libucs_la-thread_mode.lo
  CC       vfs/base/libucs_la-vfs_obj.lo
  CC       vfs/base/libucs_la-vfs_cb.lo
  CCLD     libucs.la
copying selected object files to avoid basename conflicts...
make[3]: Leaving directory '/tmp/ucx-clinic-38becbb6c7/patched-align/src/ucs'
Making all in vfs/fuse
make[3]: Entering directory '/tmp/ucx-clinic-38becbb6c7/patched-align/src/ucs/vfs/fuse'
make[3]: Nothing to be done for 'all'.
make[3]: Leaving directory '/tmp/ucx-clinic-38becbb6c7/patched-align/src/ucs/vfs/fuse'
Making all in signal
make[3]: Entering directory '/tmp/ucx-clinic-38becbb6c7/patched-align/src/ucs/signal'
  CC       libucs_signal_la-signal.lo
  CCLD     libucs_signal.la
make[3]: Leaving directory '/tmp/ucx-clinic-38becbb6c7/patched-align/src/ucs/signal'
make[2]: Leaving directory '/tmp/ucx-clinic-38becbb6c7/patched-align/src/ucs'
Making all in src/uct
make[2]: Entering directory '/tmp/ucx-clinic-38becbb6c7/patched-align/src/uct'
Making all in .
make[3]: Entering directory '/tmp/ucx-clinic-38becbb6c7/patched-align/src/uct'
  CC       base/libuct_la-uct_md.lo
  CC       base/libuct_la-uct_md_vfs.lo
  CC       base/libuct_la-uct_mem.lo
  CC       base/libuct_la-uct_component.lo
  CC       base/libuct_la-uct_iface.lo
  CC       base/libuct_la-uct_iface_vfs.lo
  CC       base/libuct_la-uct_worker.lo
  CC       base/libuct_la-uct_cm.lo
  CC       base/libuct_la-uct_vfs_attr.lo
  CC       sm/base/libuct_la-sm_ep.lo
  CC       sm/base/libuct_la-sm_md.lo
  CC       sm/base/libuct_la-sm_iface.lo
  CC       sm/mm/base/libuct_la-mm_iface.lo
  CC       sm/mm/base/libuct_la-mm_ep.lo
  CC       sm/mm/base/libuct_la-mm_md.lo
  CC       sm/mm/posix/libuct_la-mm_posix.lo
  CC       sm/mm/sysv/libuct_la-mm_sysv.lo
  CC       sm/scopy/base/libuct_la-scopy_iface.lo
  CC       sm/scopy/base/libuct_la-scopy_ep.lo
  CC       sm/self/libuct_la-self.lo
  CC       tcp/libuct_la-tcp_ep.lo
  CC       tcp/libuct_la-tcp_iface.lo
  CC       tcp/libuct_la-tcp_md.lo
  CC       tcp/libuct_la-tcp_net.lo
  CC       tcp/libuct_la-tcp_cm.lo
  CC       tcp/libuct_la-tcp_base.lo
  CC       tcp/libuct_la-tcp_sockcm.lo
  CC       tcp/libuct_la-tcp_listener.lo
  CC       tcp/libuct_la-tcp_sockcm_ep.lo
  CCLD     libuct.la
make[3]: Leaving directory '/tmp/ucx-clinic-38becbb6c7/patched-align/src/uct'
Making all in gaudi
make[3]: Entering directory '/tmp/ucx-clinic-38becbb6c7/patched-align/src/uct/gaudi'
make[4]: Entering directory '/tmp/ucx-clinic-38becbb6c7/patched-align/src/uct/gaudi'
make[4]: Nothing to be done for 'all-am'.
make[4]: Leaving directory '/tmp/ucx-clinic-38becbb6c7/patched-align/src/uct/gaudi'
make[3]: Leaving directory '/tmp/ucx-clinic-38becbb6c7/patched-align/src/uct/gaudi'
Making all in cuda
make[3]: Entering directory '/tmp/ucx-clinic-38becbb6c7/patched-align/src/uct/cuda'
make[4]: Entering directory '/tmp/ucx-clinic-38becbb6c7/patched-align/src/uct/cuda'
make[4]: Nothing to be done for 'all-am'.
make[4]: Leaving directory '/tmp/ucx-clinic-38becbb6c7/patched-align/src/uct/cuda'
make[3]: Leaving directory '/tmp/ucx-clinic-38becbb6c7/patched-align/src/uct/cuda'
Making all in ib
make[3]: Entering directory '/tmp/ucx-clinic-38becbb6c7/patched-align/src/uct/ib'
make[4]: Entering directory '/tmp/ucx-clinic-38becbb6c7/patched-align/src/uct/ib'
make[4]: Nothing to be done for 'all-am'.
make[4]: Leaving directory '/tmp/ucx-clinic-38becbb6c7/patched-align/src/uct/ib'
make[3]: Leaving directory '/tmp/ucx-clinic-38becbb6c7/patched-align/src/uct/ib'
Making all in rocm
make[3]: Entering directory '/tmp/ucx-clinic-38becbb6c7/patched-align/src/uct/rocm'
make[3]: Nothing to be done for 'all'.
make[3]: Leaving directory '/tmp/ucx-clinic-38becbb6c7/patched-align/src/uct/rocm'
Making all in sm
make[3]: Entering directory '/tmp/ucx-clinic-38becbb6c7/patched-align/src/uct/sm'
Making all in scopy
make[4]: Entering directory '/tmp/ucx-clinic-38becbb6c7/patched-align/src/uct/sm/scopy'
Making all in cma
make[5]: Entering directory '/tmp/ucx-clinic-38becbb6c7/patched-align/src/uct/sm/scopy/cma'
make[5]: Nothing to be done for 'all'.
make[5]: Leaving directory '/tmp/ucx-clinic-38becbb6c7/patched-align/src/uct/sm/scopy/cma'
Making all in knem
make[5]: Entering directory '/tmp/ucx-clinic-38becbb6c7/patched-align/src/uct/sm/scopy/knem'
make[5]: Nothing to be done for 'all'.
make[5]: Leaving directory '/tmp/ucx-clinic-38becbb6c7/patched-align/src/uct/sm/scopy/knem'
make[5]: Entering directory '/tmp/ucx-clinic-38becbb6c7/patched-align/src/uct/sm/scopy'
make[5]: Nothing to be done for 'all-am'.
make[5]: Leaving directory '/tmp/ucx-clinic-38becbb6c7/patched-align/src/uct/sm/scopy'
make[4]: Leaving directory '/tmp/ucx-clinic-38becbb6c7/patched-align/src/uct/sm/scopy'
Making all in mm
make[4]: Entering directory '/tmp/ucx-clinic-38becbb6c7/patched-align/src/uct/sm/mm'
Making all in xpmem
make[5]: Entering directory '/tmp/ucx-clinic-38becbb6c7/patched-align/src/uct/sm/mm/xpmem'
make[5]: Nothing to be done for 'all'.
make[5]: Leaving directory '/tmp/ucx-clinic-38becbb6c7/patched-align/src/uct/sm/mm/xpmem'
make[5]: Entering directory '/tmp/ucx-clinic-38becbb6c7/patched-align/src/uct/sm/mm'
make[5]: Nothing to be done for 'all-am'.
make[5]: Leaving directory '/tmp/ucx-clinic-38becbb6c7/patched-align/src/uct/sm/mm'
make[4]: Leaving directory '/tmp/ucx-clinic-38becbb6c7/patched-align/src/uct/sm/mm'
make[4]: Entering directory '/tmp/ucx-clinic-38becbb6c7/patched-align/src/uct/sm'
make[4]: Nothing to be done for 'all-am'.
make[4]: Leaving directory '/tmp/ucx-clinic-38becbb6c7/patched-align/src/uct/sm'
make[3]: Leaving directory '/tmp/ucx-clinic-38becbb6c7/patched-align/src/uct/sm'
Making all in ugni
make[3]: Entering directory '/tmp/ucx-clinic-38becbb6c7/patched-align/src/uct/ugni'
make[3]: Nothing to be done for 'all'.
make[3]: Leaving directory '/tmp/ucx-clinic-38becbb6c7/patched-align/src/uct/ugni'
Making all in ze
make[3]: Entering directory '/tmp/ucx-clinic-38becbb6c7/patched-align/src/uct/ze'
make[4]: Entering directory '/tmp/ucx-clinic-38becbb6c7/patched-align/src/uct/ze'
make[4]: Nothing to be done for 'all-am'.
make[4]: Leaving directory '/tmp/ucx-clinic-38becbb6c7/patched-align/src/uct/ze'
make[3]: Leaving directory '/tmp/ucx-clinic-38becbb6c7/patched-align/src/uct/ze'
make[2]: Leaving directory '/tmp/ucx-clinic-38becbb6c7/patched-align/src/uct'
Making all in src/ucp
make[2]: Entering directory '/tmp/ucx-clinic-38becbb6c7/patched-align/src/ucp'
  CC       am/libucp_la-eager_single.lo
  CC       am/libucp_la-eager_multi.lo
  CC       am/libucp_la-rndv.lo
  CC       core/libucp_la-ucp_context.lo
/tmp/ucx-clinic-38becbb6c7/patched-align-src/src/ucp/core/ucp_context.c:3106:47: warning: default initialization of an object of type 'typeof (*tl_bitmap_super)' (aka 'const ucp_tl_bitmap_t') leaves the object uninitialized [-Wdefault-const-init-var-unsafe]
 3106 |                                               UCS_STATIC_BITMAP_NOT(
      |                                               ^
/tmp/ucx-clinic-38becbb6c7/patched-align-src/src/ucs/datastruct/static_bitmap.h:250:5: note: expanded from macro 'UCS_STATIC_BITMAP_NOT'
  250 |     UCS_STATIC_BITMAP_UNARY_OP(_bitmap, not, UCS_PP_UNIQUE_ID)
      |     ^
/tmp/ucx-clinic-38becbb6c7/patched-align-src/src/ucs/datastruct/static_bitmap.h:239:5: note: expanded from macro 'UCS_STATIC_BITMAP_UNARY_OP'
  239 |     _UCS_STATIC_BITMAP_UNARY_OP(_bitmap, _op_name, _uid)
      |     ^
/tmp/ucx-clinic-38becbb6c7/patched-align-src/src/ucs/datastruct/static_bitmap.h:232:29: note: expanded from macro '_UCS_STATIC_BITMAP_UNARY_OP'
  232 |         ucs_typeof(_bitmap) _r_##_uid; \
      |                             ^
<scratch space>:49:1: note: expanded from here
   49 | _r_0
      | ^
/tmp/ucx-clinic-38becbb6c7/patched-align-src/src/ucp/core/ucp_context.c:3106:47: warning: default initialization of an object of type 'typeof (*tl_bitmap_super)' (aka 'const ucp_tl_bitmap_t') leaves the object uninitialized [-Wdefault-const-init-var-unsafe]
/tmp/ucx-clinic-38becbb6c7/patched-align-src/src/ucs/datastruct/static_bitmap.h:250:5: note: expanded from macro 'UCS_STATIC_BITMAP_NOT'
  250 |     UCS_STATIC_BITMAP_UNARY_OP(_bitmap, not, UCS_PP_UNIQUE_ID)
      |     ^
/tmp/ucx-clinic-38becbb6c7/patched-align-src/src/ucs/datastruct/static_bitmap.h:239:5: note: expanded from macro 'UCS_STATIC_BITMAP_UNARY_OP'
  239 |     _UCS_STATIC_BITMAP_UNARY_OP(_bitmap, _op_name, _uid)
      |     ^
/tmp/ucx-clinic-38becbb6c7/patched-align-src/src/ucs/datastruct/static_bitmap.h:232:29: note: expanded from macro '_UCS_STATIC_BITMAP_UNARY_OP'
  232 |         ucs_typeof(_bitmap) _r_##_uid; \
      |                             ^
<scratch space>:49:1: note: expanded from here
   49 | _r_0
      | ^
/tmp/ucx-clinic-38becbb6c7/patched-align-src/src/ucp/core/ucp_context.c:3105:25: warning: default initialization of an object of type 'typeof (*tl_bitmap)' (aka 'const ucp_tl_bitmap_t') leaves the object uninitialized [-Wdefault-const-init-var-unsafe]
 3105 |     ucp_tl_bitmap_t b = UCS_STATIC_BITMAP_AND(*tl_bitmap,
      |                         ^
/tmp/ucx-clinic-38becbb6c7/patched-align-src/src/ucs/datastruct/static_bitmap.h:279:5: note: expanded from macro 'UCS_STATIC_BITMAP_AND'
  279 |     UCS_STATIC_BITMAP_BINARY_OP(_bitmap1, _bitmap2, and, UCS_PP_UNIQUE_ID)
      |     ^
/tmp/ucx-clinic-38becbb6c7/patched-align-src/src/ucs/datastruct/static_bitmap.h:267:5: note: expanded from macro 'UCS_STATIC_BITMAP_BINARY_OP'
  267 |     _UCS_STATIC_BITMAP_BINARY_OP(_bitmap1, _bitmap2, _op_name, _uid)
      |     ^
/tmp/ucx-clinic-38becbb6c7/patched-align-src/src/ucs/datastruct/static_bitmap.h:258:30: note: expanded from macro '_UCS_STATIC_BITMAP_BINARY_OP'
  258 |         ucs_typeof(_bitmap1) _r_##_uid; \
      |                              ^
<scratch space>:57:1: note: expanded from here
   57 | _r_1
      | ^
3 warnings generated.
  CC       core/libucp_la-ucp_tl_info.lo
/tmp/ucx-clinic-38becbb6c7/patched-align-src/src/ucp/core/ucp_context.c:3106:47: warning: default initialization of an object of type 'typeof (*tl_bitmap_super)' (aka 'const ucp_tl_bitmap_t') leaves the object uninitialized [-Wdefault-const-init-var-unsafe]
 3106 |                                               UCS_STATIC_BITMAP_NOT(
      |                                               ^
/tmp/ucx-clinic-38becbb6c7/patched-align-src/src/ucs/datastruct/static_bitmap.h:250:5: note: expanded from macro 'UCS_STATIC_BITMAP_NOT'
  250 |     UCS_STATIC_BITMAP_UNARY_OP(_bitmap, not, UCS_PP_UNIQUE_ID)
      |     ^
/tmp/ucx-clinic-38becbb6c7/patched-align-src/src/ucs/datastruct/static_bitmap.h:239:5: note: expanded from macro 'UCS_STATIC_BITMAP_UNARY_OP'
  239 |     _UCS_STATIC_BITMAP_UNARY_OP(_bitmap, _op_name, _uid)
      |     ^
/tmp/ucx-clinic-38becbb6c7/patched-align-src/src/ucs/datastruct/static_bitmap.h:232:29: note: expanded from macro '_UCS_STATIC_BITMAP_UNARY_OP'
  232 |         ucs_typeof(_bitmap) _r_##_uid; \
      |                             ^
<scratch space>:49:1: note: expanded from here
   49 | _r_0
      | ^
/tmp/ucx-clinic-38becbb6c7/patched-align-src/src/ucp/core/ucp_context.c:3106:47: warning: default initialization of an object of type 'typeof (*tl_bitmap_super)' (aka 'const ucp_tl_bitmap_t') leaves the object uninitialized [-Wdefault-const-init-var-unsafe]
/tmp/ucx-clinic-38becbb6c7/patched-align-src/src/ucs/datastruct/static_bitmap.h:250:5: note: expanded from macro 'UCS_STATIC_BITMAP_NOT'
  250 |     UCS_STATIC_BITMAP_UNARY_OP(_bitmap, not, UCS_PP_UNIQUE_ID)
      |     ^
/tmp/ucx-clinic-38becbb6c7/patched-align-src/src/ucs/datastruct/static_bitmap.h:239:5: note: expanded from macro 'UCS_STATIC_BITMAP_UNARY_OP'
  239 |     _UCS_STATIC_BITMAP_UNARY_OP(_bitmap, _op_name, _uid)
      |     ^
/tmp/ucx-clinic-38becbb6c7/patched-align-src/src/ucs/datastruct/static_bitmap.h:232:29: note: expanded from macro '_UCS_STATIC_BITMAP_UNARY_OP'
  232 |         ucs_typeof(_bitmap) _r_##_uid; \
      |                             ^
<scratch space>:49:1: note: expanded from here
   49 | _r_0
      | ^
/tmp/ucx-clinic-38becbb6c7/patched-align-src/src/ucp/core/ucp_context.c:3105:25: warning: default initialization of an object of type 'typeof (*tl_bitmap)' (aka 'const ucp_tl_bitmap_t') leaves the object uninitialized [-Wdefault-const-init-var-unsafe]
 3105 |     ucp_tl_bitmap_t b = UCS_STATIC_BITMAP_AND(*tl_bitmap,
      |                         ^
/tmp/ucx-clinic-38becbb6c7/patched-align-src/src/ucs/datastruct/static_bitmap.h:279:5: note: expanded from macro 'UCS_STATIC_BITMAP_AND'
  279 |     UCS_STATIC_BITMAP_BINARY_OP(_bitmap1, _bitmap2, and, UCS_PP_UNIQUE_ID)
      |     ^
/tmp/ucx-clinic-38becbb6c7/patched-align-src/src/ucs/datastruct/static_bitmap.h:267:5: note: expanded from macro 'UCS_STATIC_BITMAP_BINARY_OP'
  267 |     _UCS_STATIC_BITMAP_BINARY_OP(_bitmap1, _bitmap2, _op_name, _uid)
      |     ^
/tmp/ucx-clinic-38becbb6c7/patched-align-src/src/ucs/datastruct/static_bitmap.h:258:30: note: expanded from macro '_UCS_STATIC_BITMAP_BINARY_OP'
  258 |         ucs_typeof(_bitmap1) _r_##_uid; \
      |                              ^
<scratch space>:57:1: note: expanded from here
   57 | _r_1
      | ^
  CC       core/libucp_la-ucp_am.lo
  CC       core/libucp_la-ucp_ep.lo
  CC       core/libucp_la-ucp_ep_vfs.lo
3 warnings generated.
  CC       core/libucp_la-ucp_listener.lo
  CC       core/libucp_la-ucp_mm.lo
  CC       core/libucp_la-ucp_proxy_ep.lo
  CC       core/libucp_la-ucp_request.lo
  CC       core/libucp_la-ucp_rkey.lo
  CC       core/libucp_la-ucp_version.lo
  CC       core/libucp_la-ucp_vfs.lo
  CC       core/libucp_la-ucp_worker.lo
  CC       core/libucp_la-ucp_device.lo
  CC       dt/libucp_la-datatype_iter.lo
  CC       dt/libucp_la-dt_iov.lo
  CC       dt/libucp_la-dt_sgl.lo
  CC       dt/libucp_la-dt_generic.lo
  CC       dt/libucp_la-dt.lo
  CC       proto/libucp_la-lane_type.lo
  CC       proto/libucp_la-proto_am.lo
  CC       proto/libucp_la-proto_init.lo
  CC       proto/libucp_la-proto_common.lo
  CC       proto/libucp_la-proto_debug.lo
  CC       proto/libucp_la-proto_perf.lo
  CC       proto/libucp_la-proto_reconfig.lo
  CC       proto/libucp_la-proto_multi.lo
  CC       proto/libucp_la-proto_select.lo
  CC       proto/libucp_la-proto_single.lo
  CC       proto/libucp_la-proto.lo
  CC       rma/libucp_la-amo_basic.lo
  CC       rma/libucp_la-amo_offload.lo
  CC       rma/libucp_la-amo_send.lo
  CC       rma/libucp_la-amo_sw.lo
  CC       rma/libucp_la-get_am.lo
  CC       rma/libucp_la-get_offload.lo
  CC       rma/libucp_la-put_am.lo
  CC       rma/libucp_la-put_offload.lo
  CC       rma/libucp_la-rma_rndv.lo
  CC       rma/libucp_la-rma_send.lo
  CC       rma/libucp_la-rma_sw.lo
  CC       rma/libucp_la-flush.lo
  CC       rndv/libucp_la-proto_rndv.lo
  CC       rndv/libucp_la-rndv_am.lo
  CC       rndv/libucp_la-rndv_get.lo
  CC       rndv/libucp_la-rndv_ppln.lo
  CC       rndv/libucp_la-rndv_put.lo
  CC       rndv/libucp_la-rndv_rtr.lo
  CC       rndv/libucp_la-rndv_ats.lo
  CC       rndv/libucp_la-rndv_rkey_ptr.lo
  CC       rndv/libucp_la-rndv.lo
  CC       stream/libucp_la-stream_multi.lo
  CC       stream/libucp_la-stream_recv.lo
  CC       stream/libucp_la-stream_send.lo
  CC       tag/libucp_la-eager_multi.lo
  CC       tag/libucp_la-eager_rcv.lo
  CC       tag/libucp_la-eager_snd.lo
  CC       tag/libucp_la-eager_single.lo
  CC       tag/libucp_la-probe.lo
  CC       tag/libucp_la-tag_rndv.lo
  CC       tag/libucp_la-tag_match.lo
  CC       tag/libucp_la-tag_recv.lo
  CC       tag/libucp_la-tag_send.lo
  CC       tag/libucp_la-offload.lo
  CC       tag/offload/libucp_la-eager.lo
  CC       tag/offload/libucp_la-rndv.lo
  CC       wireup/libucp_la-address.lo
  CC       wireup/libucp_la-ep_match.lo
  CC       wireup/libucp_la-select.lo
  CC       wireup/libucp_la-wireup_ep.lo
  CC       wireup/libucp_la-wireup.lo
/tmp/ucx-clinic-38becbb6c7/patched-align-src/src/ucp/wireup/wireup.c:2054:17: warning: default initialization of an object of type 'typeof (*local_tl_bitmap)' (aka 'const ucp_tl_bitmap_t') leaves the object uninitialized [-Wdefault-const-init-var-unsafe]
 2054 |     tl_bitmap = UCS_STATIC_BITMAP_AND(*local_tl_bitmap,
      |                 ^
/tmp/ucx-clinic-38becbb6c7/patched-align-src/src/ucs/datastruct/static_bitmap.h:279:5: note: expanded from macro 'UCS_STATIC_BITMAP_AND'
  279 |     UCS_STATIC_BITMAP_BINARY_OP(_bitmap1, _bitmap2, and, UCS_PP_UNIQUE_ID)
      |     ^
/tmp/ucx-clinic-38becbb6c7/patched-align-src/src/ucs/datastruct/static_bitmap.h:267:5: note: expanded from macro 'UCS_STATIC_BITMAP_BINARY_OP'
  267 |     _UCS_STATIC_BITMAP_BINARY_OP(_bitmap1, _bitmap2, _op_name, _uid)
      |     ^
/tmp/ucx-clinic-38becbb6c7/patched-align-src/src/ucs/datastruct/static_bitmap.h:258:30: note: expanded from macro '_UCS_STATIC_BITMAP_BINARY_OP'
  258 |         ucs_typeof(_bitmap1) _r_##_uid; \
      |                              ^
<scratch space>:87:1: note: expanded from here
   87 | _r_3
      | ^
  CC       wireup/libucp_la-wireup_lane_info.lo
  CC       wireup/libucp_la-wireup_cm.lo
1 warning generated.
/tmp/ucx-clinic-38becbb6c7/patched-align-src/src/ucp/wireup/wireup.c:2054:17: warning: default initialization of an object of type 'typeof (*local_tl_bitmap)' (aka 'const ucp_tl_bitmap_t') leaves the object uninitialized [-Wdefault-const-init-var-unsafe]
 2054 |     tl_bitmap = UCS_STATIC_BITMAP_AND(*local_tl_bitmap,
      |                 ^
/tmp/ucx-clinic-38becbb6c7/patched-align-src/src/ucs/datastruct/static_bitmap.h:279:5: note: expanded from macro 'UCS_STATIC_BITMAP_AND'
  279 |     UCS_STATIC_BITMAP_BINARY_OP(_bitmap1, _bitmap2, and, UCS_PP_UNIQUE_ID)
      |     ^
/tmp/ucx-clinic-38becbb6c7/patched-align-src/src/ucs/datastruct/static_bitmap.h:267:5: note: expanded from macro 'UCS_STATIC_BITMAP_BINARY_OP'
  267 |     _UCS_STATIC_BITMAP_BINARY_OP(_bitmap1, _bitmap2, _op_name, _uid)
      |     ^
/tmp/ucx-clinic-38becbb6c7/patched-align-src/src/ucs/datastruct/static_bitmap.h:258:30: note: expanded from macro '_UCS_STATIC_BITMAP_BINARY_OP'
  258 |         ucs_typeof(_bitmap1) _r_##_uid; \
      |                              ^
<scratch space>:87:1: note: expanded from here
   87 | _r_3
      | ^
1 warning generated.
  CCLD     libucp.la
copying selected object files to avoid basename conflicts...
make[2]: Leaving directory '/tmp/ucx-clinic-38becbb6c7/patched-align/src/ucp'
Making all in src/tools/vfs
make[2]: Entering directory '/tmp/ucx-clinic-38becbb6c7/patched-align/src/tools/vfs'
make[2]: Nothing to be done for 'all'.
make[2]: Leaving directory '/tmp/ucx-clinic-38becbb6c7/patched-align/src/tools/vfs'
Making all in src/tools/info
make[2]: Entering directory '/tmp/ucx-clinic-38becbb6c7/patched-align/src/tools/info'
/usr/bin/sed -nr 's:\s*#define\s+(\w+)(\s+(\w+)|\s+(".*")|\s*)$:{"\1", UCS_PP_MAKE_STRING(\3\4)},:p' <../../../config.h >build_config.h
make  all-am
make[3]: Entering directory '/tmp/ucx-clinic-38becbb6c7/patched-align/src/tools/info'
  CC       ucx_info-build_info.o
  CC       ucx_info-proto_info.o
  CC       ucx_info-sys_info.o
  CC       ucx_info-tl_info.o
  CC       ucx_info-type_info.o
  CC       ucx_info-version_info.o
  CC       ucx_info-ucx_info.o
  CCLD     ucx_info
make[3]: Leaving directory '/tmp/ucx-clinic-38becbb6c7/patched-align/src/tools/info'
make[2]: Leaving directory '/tmp/ucx-clinic-38becbb6c7/patched-align/src/tools/info'
Making all in src/tools/perf
make[2]: Entering directory '/tmp/ucx-clinic-38becbb6c7/patched-align/src/tools/perf'
Making all in lib
make[3]: Entering directory '/tmp/ucx-clinic-38becbb6c7/patched-align/src/tools/perf/lib'
  CC       libucxperf_la-libperf.lo
  CC       libucxperf_la-libperf_memory.lo
  CC       libucxperf_la-libperf_thread.lo
  CXX      libucxperf_la-uct_tests.lo
  CXX      libucxperf_la-ucp_tests.lo
  CXXLD    libucxperf.la
make[3]: Leaving directory '/tmp/ucx-clinic-38becbb6c7/patched-align/src/tools/perf/lib'
Making all in cuda
make[3]: Entering directory '/tmp/ucx-clinic-38becbb6c7/patched-align/src/tools/perf/cuda'
make[3]: Nothing to be done for 'all'.
make[3]: Leaving directory '/tmp/ucx-clinic-38becbb6c7/patched-align/src/tools/perf/cuda'
Making all in rocm
make[3]: Entering directory '/tmp/ucx-clinic-38becbb6c7/patched-align/src/tools/perf/rocm'
make[3]: Nothing to be done for 'all'.
make[3]: Leaving directory '/tmp/ucx-clinic-38becbb6c7/patched-align/src/tools/perf/rocm'
Making all in ze
make[3]: Entering directory '/tmp/ucx-clinic-38becbb6c7/patched-align/src/tools/perf/ze'
make[3]: Nothing to be done for 'all'.
make[3]: Leaving directory '/tmp/ucx-clinic-38becbb6c7/patched-align/src/tools/perf/ze'
Making all in mad
make[3]: Entering directory '/tmp/ucx-clinic-38becbb6c7/patched-align/src/tools/perf/mad'
make[3]: Nothing to be done for 'all'.
make[3]: Leaving directory '/tmp/ucx-clinic-38becbb6c7/patched-align/src/tools/perf/mad'
make[3]: Entering directory '/tmp/ucx-clinic-38becbb6c7/patched-align/src/tools/perf'
  CC       ucx_perftest-perftest.o
  CC       ucx_perftest-perftest_run.o
  CC       ucx_perftest-perftest_params.o
  CC       ucx_perftest_daemon-perftest_daemon.o
  CCLD     ucx_perftest_daemon
  CCLD     ucx_perftest
make[3]: Leaving directory '/tmp/ucx-clinic-38becbb6c7/patched-align/src/tools/perf'
make[2]: Leaving directory '/tmp/ucx-clinic-38becbb6c7/patched-align/src/tools/perf'
Making all in src/tools/profile
make[2]: Entering directory '/tmp/ucx-clinic-38becbb6c7/patched-align/src/tools/profile'
  CC       ucx_read_profile-read_profile.o
  CCLD     ucx_read_profile
make[2]: Leaving directory '/tmp/ucx-clinic-38becbb6c7/patched-align/src/tools/profile'
Making all in bindings/go
make[2]: Entering directory '/tmp/ucx-clinic-38becbb6c7/patched-align/bindings/go'
make[2]: Nothing to be done for 'all'.
make[2]: Leaving directory '/tmp/ucx-clinic-38becbb6c7/patched-align/bindings/go'
Making all in bindings/java
make[2]: Entering directory '/tmp/ucx-clinic-38becbb6c7/patched-align/bindings/java'
Making all in src/main/native
make[3]: Entering directory '/tmp/ucx-clinic-38becbb6c7/patched-align/bindings/java/src/main/native'
make  all-am
make[4]: Entering directory '/tmp/ucx-clinic-38becbb6c7/patched-align/bindings/java/src/main/native'
make[4]: Nothing to be done for 'all-am'.
make[4]: Leaving directory '/tmp/ucx-clinic-38becbb6c7/patched-align/bindings/java/src/main/native'
make[3]: Leaving directory '/tmp/ucx-clinic-38becbb6c7/patched-align/bindings/java/src/main/native'
make[3]: Entering directory '/tmp/ucx-clinic-38becbb6c7/patched-align/bindings/java'
make[3]: Nothing to be done for 'all-am'.
make[3]: Leaving directory '/tmp/ucx-clinic-38becbb6c7/patched-align/bindings/java'
make[2]: Leaving directory '/tmp/ucx-clinic-38becbb6c7/patched-align/bindings/java'
Making all in test/apps
make[2]: Entering directory '/tmp/ucx-clinic-38becbb6c7/patched-align/test/apps'
Making all in profiling
make[3]: Entering directory '/tmp/ucx-clinic-38becbb6c7/patched-align/test/apps/profiling'
  CCLD     ucx_profiling
make[3]: Leaving directory '/tmp/ucx-clinic-38becbb6c7/patched-align/test/apps/profiling'
Making all in iodemo
make[3]: Entering directory '/tmp/ucx-clinic-38becbb6c7/patched-align/test/apps/iodemo'
  CXX      io_demo-ucx_wrapper.o
  CXX      io_demo-io_demo.o
  CXXLD    io_demo
make[3]: Leaving directory '/tmp/ucx-clinic-38becbb6c7/patched-align/test/apps/iodemo'
make[3]: Entering directory '/tmp/ucx-clinic-38becbb6c7/patched-align/test/apps'
make[3]: Nothing to be done for 'all-am'.
make[3]: Leaving directory '/tmp/ucx-clinic-38becbb6c7/patched-align/test/apps'
make[2]: Leaving directory '/tmp/ucx-clinic-38becbb6c7/patched-align/test/apps'
Making all in examples
make[2]: Entering directory '/tmp/ucx-clinic-38becbb6c7/patched-align/examples'
make[2]: Nothing to be done for 'all'.
make[2]: Leaving directory '/tmp/ucx-clinic-38becbb6c7/patched-align/examples'
Making all in cmake
make[2]: Entering directory '/tmp/ucx-clinic-38becbb6c7/patched-align/cmake'
make[2]: Nothing to be done for 'all'.
make[2]: Leaving directory '/tmp/ucx-clinic-38becbb6c7/patched-align/cmake'
Making all in config
make[2]: Entering directory '/tmp/ucx-clinic-38becbb6c7/patched-align/config'
make[2]: Nothing to be done for 'all'.
make[2]: Leaving directory '/tmp/ucx-clinic-38becbb6c7/patched-align/config'
make[2]: Entering directory '/tmp/ucx-clinic-38becbb6c7/patched-align'
make[2]: Leaving directory '/tmp/ucx-clinic-38becbb6c7/patched-align'
make[1]: Leaving directory '/tmp/ucx-clinic-38becbb6c7/patched-align'
$ ['make', 'install']
Making install in src/ucm
make[1]: Entering directory '/tmp/ucx-clinic-38becbb6c7/patched-align/src/ucm'
Making install in .
make[2]: Entering directory '/tmp/ucx-clinic-38becbb6c7/patched-align/src/ucm'
make[3]: Entering directory '/tmp/ucx-clinic-38becbb6c7/patched-align/src/ucm'
 /usr/bin/mkdir -p '/tmp/ucx-clinic-38becbb6c7/patched-align-install/lib'
 /bin/bash ../../libtool   --mode=install /usr/bin/install -c   libucm.la '/tmp/ucx-clinic-38becbb6c7/patched-align-install/lib'
libtool: install: /usr/bin/install -c .libs/libucm.so.0.0.0 /tmp/ucx-clinic-38becbb6c7/patched-align-install/lib/libucm.so.0.0.0
libtool: install: (cd /tmp/ucx-clinic-38becbb6c7/patched-align-install/lib && { ln -s -f libucm.so.0.0.0 libucm.so.0 || { rm -f libucm.so.0 && ln -s libucm.so.0.0.0 libucm.so.0; }; })
libtool: install: (cd /tmp/ucx-clinic-38becbb6c7/patched-align-install/lib && { ln -s -f libucm.so.0.0.0 libucm.so || { rm -f libucm.so && ln -s libucm.so.0.0.0 libucm.so; }; })
libtool: install: /usr/bin/install -c .libs/libucm.lai /tmp/ucx-clinic-38becbb6c7/patched-align-install/lib/libucm.la
libtool: install: /usr/bin/install -c .libs/libucm.a /tmp/ucx-clinic-38becbb6c7/patched-align-install/lib/libucm.a
libtool: install: chmod 644 /tmp/ucx-clinic-38becbb6c7/patched-align-install/lib/libucm.a
libtool: install: ranlib /tmp/ucx-clinic-38becbb6c7/patched-align-install/lib/libucm.a
libtool: finish: PATH="<HOME>/.codex/packages/standalone/releases/0.153.4-x86_64-unknown-linux-musl/codex-path:<HOME>/.local/bin:<HOME>/.codex/tmp/arg0/codex-arg0FwS4gN:<HOME>/.codex/packages/standalone/releases/0.153.4-x86_64-unknown-linux-musl/codex-path:<HOME>/.local/share/mise/installs/buf/latest/buf/bin:<HOME>/.local/share/mise/installs/delta/latest/delta-0.19.2-x86_64-unknown-linux-musl:<HOME>/.local/share/mise/installs/go/1.26.8/bin:<HOME>/.local/share/mise/installs/golangci-lint/latest/golangci-lint-2.13.2-linux-amd64:<HOME>/.local/share/mise/installs/grpcurl/latest:<HOME>/.local/share/mise/installs/java/temurin-21/bin:<HOME>/.local/share/mise/installs/just/latest:<HOME>/.local/share/mise/installs/lazygit/latest:<HOME>/.local/share/mise/installs/maven/3.9/apache-maven-3.9.16/bin:<HOME>/.local/share/mise/installs/neovim/latest/bin:<HOME>/.local/share/mise/installs/node/24/bin:<HOME>/.local/share/mise/installs/npm-pnpm/latest/node_modules/.bin:<HOME>/.local/share/mise/installs/watchexec/latest/.mise-bins:<HOME>/.local/share/mise/installs/yq/latest:<HOME>/.local/share/mise/installs/protoc/latest/bin:<HOME>/.local/share/mise/installs/kubectl/latest:<HOME>/.local/share/mise/installs/helm/latest/linux-amd64:<HOME>/.local/share/mise/installs/kind/latest:<HOME>/.local/share/mise/installs/k9s/latest:<HOME>/.local/share/mise/installs/opentofu/latest:<HOME>/.local/share/mise/installs/actionlint/latest:<HOME>/.local/share/mise/installs/hadolint/latest:<HOME>/.local/share/mise/installs/trivy/latest:<HOME>/.local/share/mise/installs/k6/latest/k6-v2.2.0-linux-amd64:<HOME>/.local/share/mise/installs/bazelisk/latest:<HOME>/.local/share/mise/installs/chezmoi/latest:<HOME>/.local/share/mise/shims:/usr/local/cuda-13.2/bin:<HOME>/.local/bin:/usr/local/sbin:/usr/local/bin:/usr/sbin:/usr/bin:/sbin:/bin:/usr/games:/usr/local/games:/snap/bin:/snap/bin:<HOME>/.local/share/JetBrains/Toolbox/scripts:/sbin" ldconfig -n /tmp/ucx-clinic-38becbb6c7/patched-align-install/lib
----------------------------------------------------------------------
Libraries have been installed in:
   /tmp/ucx-clinic-38becbb6c7/patched-align-install/lib

If you ever happen to want to link against installed libraries
in a given directory, LIBDIR, you must either use libtool, and
specify the full pathname of the library, or use the '-LLIBDIR'
flag during linking and do at least one of the following:
   - add LIBDIR to the 'LD_LIBRARY_PATH' environment variable
     during execution
   - add LIBDIR to the 'LD_RUN_PATH' environment variable
     during linking
   - use the '-Wl,-rpath -Wl,LIBDIR' linker flag
   - have your system administrator add LIBDIR to '/etc/ld.so.conf'

See any operating system documentation about shared libraries for
more information, such as the ld(1) and ld.so(8) manual pages.
----------------------------------------------------------------------
 /usr/bin/mkdir -p '/tmp/ucx-clinic-38becbb6c7/patched-align-install/include/ucm'
 /usr/bin/mkdir -p '/tmp/ucx-clinic-38becbb6c7/patched-align-install/include/ucm/api'
 /usr/bin/install -c -m 644  /tmp/ucx-clinic-38becbb6c7/patched-align-src/src/ucm/api/ucm.h '/tmp/ucx-clinic-38becbb6c7/patched-align-install/include/ucm/api'
make[3]: Leaving directory '/tmp/ucx-clinic-38becbb6c7/patched-align/src/ucm'
make[2]: Leaving directory '/tmp/ucx-clinic-38becbb6c7/patched-align/src/ucm'
Making install in cuda
make[2]: Entering directory '/tmp/ucx-clinic-38becbb6c7/patched-align/src/ucm/cuda'
make[3]: Entering directory '/tmp/ucx-clinic-38becbb6c7/patched-align/src/ucm/cuda'
make[3]: Nothing to be done for 'install-exec-am'.
make[3]: Leaving directory '/tmp/ucx-clinic-38becbb6c7/patched-align/src/ucm/cuda'
make[2]: Leaving directory '/tmp/ucx-clinic-38becbb6c7/patched-align/src/ucm/cuda'
Making install in rocm
make[2]: Entering directory '/tmp/ucx-clinic-38becbb6c7/patched-align/src/ucm/rocm'
make[3]: Entering directory '/tmp/ucx-clinic-38becbb6c7/patched-align/src/ucm/rocm'
make[3]: Nothing to be done for 'install-exec-am'.
make[3]: Leaving directory '/tmp/ucx-clinic-38becbb6c7/patched-align/src/ucm/rocm'
make[2]: Leaving directory '/tmp/ucx-clinic-38becbb6c7/patched-align/src/ucm/rocm'
Making install in ze
make[2]: Entering directory '/tmp/ucx-clinic-38becbb6c7/patched-align/src/ucm/ze'
make[3]: Entering directory '/tmp/ucx-clinic-38becbb6c7/patched-align/src/ucm/ze'
make[3]: Nothing to be done for 'install-exec-am'.
make[3]: Leaving directory '/tmp/ucx-clinic-38becbb6c7/patched-align/src/ucm/ze'
make[2]: Leaving directory '/tmp/ucx-clinic-38becbb6c7/patched-align/src/ucm/ze'
make[1]: Leaving directory '/tmp/ucx-clinic-38becbb6c7/patched-align/src/ucm'
Making install in src/ucs
make[1]: Entering directory '/tmp/ucx-clinic-38becbb6c7/patched-align/src/ucs'
Making install in vfs/sock
make[2]: Entering directory '/tmp/ucx-clinic-38becbb6c7/patched-align/src/ucs/vfs/sock'
make[3]: Entering directory '/tmp/ucx-clinic-38becbb6c7/patched-align/src/ucs/vfs/sock'
make[3]: Nothing to be done for 'install-exec-am'.
make[3]: Nothing to be done for 'install-data-am'.
make[3]: Leaving directory '/tmp/ucx-clinic-38becbb6c7/patched-align/src/ucs/vfs/sock'
make[2]: Leaving directory '/tmp/ucx-clinic-38becbb6c7/patched-align/src/ucs/vfs/sock'
Making install in .
make[2]: Entering directory '/tmp/ucx-clinic-38becbb6c7/patched-align/src/ucs'
make[3]: Entering directory '/tmp/ucx-clinic-38becbb6c7/patched-align/src/ucs'
 /usr/bin/mkdir -p '/tmp/ucx-clinic-38becbb6c7/patched-align-install/lib'
 /bin/bash ../../libtool   --mode=install /usr/bin/install -c   libucs.la '/tmp/ucx-clinic-38becbb6c7/patched-align-install/lib'
libtool: warning: relinking 'libucs.la'
libtool: install: (cd /tmp/ucx-clinic-38becbb6c7/patched-align/src/ucs; /bin/bash "/tmp/ucx-clinic-38becbb6c7/patched-align/libtool"  --silent --tag CC --mode=relink clang -O3 -g -Wall -Werror -fmax-type-align=16 -funwind-tables -Wframe-larger-than=8192 -Wno-missing-field-initializers -Wno-unused-parameter -Wno-unused-label -Wno-long-long -Wno-endif-labels -Wno-sign-compare -Wno-multichar -Wno-deprecated-declarations -Winvalid-pch -Wno-pointer-sign -Werror-implicit-function-declaration -Wno-format-zero-length -Wnested-externs -Wshadow -Werror=declaration-after-statement -no-suppress -g -O2 -fsanitize=alignment -Wno-error=default-const-init-var-unsafe -ldl -version-info 0:0:0 -fsanitize=alignment -o libucs.la -rpath /tmp/ucx-clinic-38becbb6c7/patched-align-install/lib algorithm/libucs_la-crc.lo algorithm/libucs_la-qsort_r.lo algorithm/libucs_la-string_distance.lo arch/aarch64/libucs_la-cpu.lo arch/aarch64/libucs_la-global_opts.lo arch/ppc64/libucs_la-timebase.lo arch/ppc64/libucs_la-global_opts.lo arch/rv64/libucs_la-cpu.lo arch/rv64/libucs_la-global_opts.lo arch/x86_64/libucs_la-cpu.lo arch/x86_64/libucs_la-global_opts.lo arch/libucs_la-cpu.lo async/libucs_la-async.lo async/libucs_la-signal.lo async/libucs_la-pipe.lo async/libucs_la-eventfd.lo async/libucs_la-thread.lo config/libucs_la-global_opts.lo config/libucs_la-ucm_opts.lo config/libucs_la-ini.lo config/libucs_la-parser.lo datastruct/libucs_la-arbiter.lo datastruct/libucs_la-array.lo datastruct/libucs_la-bitmap.lo datastruct/libucs_la-callbackq.lo datastruct/libucs_la-frag_list.lo datastruct/libucs_la-interval_tree.lo datastruct/libucs_la-lru.lo datastruct/libucs_la-mpmc.lo datastruct/libucs_la-mpool.lo datastruct/libucs_la-mpool_set.lo datastruct/libucs_la-pgtable.lo datastruct/libucs_la-piecewise_func.lo datastruct/libucs_la-ptr_array.lo datastruct/libucs_la-ptr_map.lo datastruct/libucs_la-strided_alloc.lo datastruct/libucs_la-string_buffer.lo datastruct/libucs_la-string_set.lo datastruct/libucs_la-usage_tracker.lo datastruct/libucs_la-conn_match.lo debug/libucs_la-assert.lo debug/libucs_la-debug.lo debug/libucs_la-log.lo debug/libucs_la-table.lo debug/libucs_la-memtrack.lo memory/libucs_la-memory_type.lo memory/libucs_la-memtype_cache.lo memory/libucs_la-numa.lo memory/libucs_la-rcache.lo memory/libucs_la-rcache_vfs.lo profile/libucs_la-profile.lo stats/libucs_la-stats.lo sys/libucs_la-event_set.lo sys/libucs_la-init.lo sys/libucs_la-math.lo sys/libucs_la-module.lo sys/libucs_la-string.lo sys/libucs_la-sys.lo sys/libucs_la-iovec.lo sys/libucs_la-lib.lo sys/libucs_la-sock.lo sys/topo/base/libucs_la-topo.lo sys/libucs_la-stubs.lo sys/libucs_la-netlink.lo sys/libucs_la-uid.lo time/libucs_la-time.lo time/libucs_la-timer_wheel.lo time/libucs_la-timerq.lo type/libucs_la-class.lo type/libucs_la-status.lo type/libucs_la-spinlock.lo type/libucs_la-thread_mode.lo vfs/base/libucs_la-vfs_obj.lo vfs/base/libucs_la-vfs_cb.lo -lm ../../src/ucm/libucm.la -lrt -lrt )
libtool: install: /usr/bin/install -c .libs/libucs.so.0.0.0T /tmp/ucx-clinic-38becbb6c7/patched-align-install/lib/libucs.so.0.0.0
libtool: install: (cd /tmp/ucx-clinic-38becbb6c7/patched-align-install/lib && { ln -s -f libucs.so.0.0.0 libucs.so.0 || { rm -f libucs.so.0 && ln -s libucs.so.0.0.0 libucs.so.0; }; })
libtool: install: (cd /tmp/ucx-clinic-38becbb6c7/patched-align-install/lib && { ln -s -f libucs.so.0.0.0 libucs.so || { rm -f libucs.so && ln -s libucs.so.0.0.0 libucs.so; }; })
libtool: install: /usr/bin/install -c .libs/libucs.lai /tmp/ucx-clinic-38becbb6c7/patched-align-install/lib/libucs.la
libtool: install: /usr/bin/install -c .libs/libucs.a /tmp/ucx-clinic-38becbb6c7/patched-align-install/lib/libucs.a
libtool: install: chmod 644 /tmp/ucx-clinic-38becbb6c7/patched-align-install/lib/libucs.a
libtool: install: ranlib /tmp/ucx-clinic-38becbb6c7/patched-align-install/lib/libucs.a
libtool: finish: PATH="<HOME>/.codex/packages/standalone/releases/0.153.4-x86_64-unknown-linux-musl/codex-path:<HOME>/.local/bin:<HOME>/.codex/tmp/arg0/codex-arg0FwS4gN:<HOME>/.codex/packages/standalone/releases/0.153.4-x86_64-unknown-linux-musl/codex-path:<HOME>/.local/share/mise/installs/buf/latest/buf/bin:<HOME>/.local/share/mise/installs/delta/latest/delta-0.19.2-x86_64-unknown-linux-musl:<HOME>/.local/share/mise/installs/go/1.26.8/bin:<HOME>/.local/share/mise/installs/golangci-lint/latest/golangci-lint-2.13.2-linux-amd64:<HOME>/.local/share/mise/installs/grpcurl/latest:<HOME>/.local/share/mise/installs/java/temurin-21/bin:<HOME>/.local/share/mise/installs/just/latest:<HOME>/.local/share/mise/installs/lazygit/latest:<HOME>/.local/share/mise/installs/maven/3.9/apache-maven-3.9.16/bin:<HOME>/.local/share/mise/installs/neovim/latest/bin:<HOME>/.local/share/mise/installs/node/24/bin:<HOME>/.local/share/mise/installs/npm-pnpm/latest/node_modules/.bin:<HOME>/.local/share/mise/installs/watchexec/latest/.mise-bins:<HOME>/.local/share/mise/installs/yq/latest:<HOME>/.local/share/mise/installs/protoc/latest/bin:<HOME>/.local/share/mise/installs/kubectl/latest:<HOME>/.local/share/mise/installs/helm/latest/linux-amd64:<HOME>/.local/share/mise/installs/kind/latest:<HOME>/.local/share/mise/installs/k9s/latest:<HOME>/.local/share/mise/installs/opentofu/latest:<HOME>/.local/share/mise/installs/actionlint/latest:<HOME>/.local/share/mise/installs/hadolint/latest:<HOME>/.local/share/mise/installs/trivy/latest:<HOME>/.local/share/mise/installs/k6/latest/k6-v2.2.0-linux-amd64:<HOME>/.local/share/mise/installs/bazelisk/latest:<HOME>/.local/share/mise/installs/chezmoi/latest:<HOME>/.local/share/mise/shims:/usr/local/cuda-13.2/bin:<HOME>/.local/bin:/usr/local/sbin:/usr/local/bin:/usr/sbin:/usr/bin:/sbin:/bin:/usr/games:/usr/local/games:/snap/bin:/snap/bin:<HOME>/.local/share/JetBrains/Toolbox/scripts:/sbin" ldconfig -n /tmp/ucx-clinic-38becbb6c7/patched-align-install/lib
----------------------------------------------------------------------
Libraries have been installed in:
   /tmp/ucx-clinic-38becbb6c7/patched-align-install/lib

If you ever happen to want to link against installed libraries
in a given directory, LIBDIR, you must either use libtool, and
specify the full pathname of the library, or use the '-LLIBDIR'
flag during linking and do at least one of the following:
   - add LIBDIR to the 'LD_LIBRARY_PATH' environment variable
     during execution
   - add LIBDIR to the 'LD_RUN_PATH' environment variable
     during linking
   - use the '-Wl,-rpath -Wl,LIBDIR' linker flag
   - have your system administrator add LIBDIR to '/etc/ld.so.conf'

See any operating system documentation about shared libraries for
more information, such as the ld(1) and ld.so(8) manual pages.
----------------------------------------------------------------------
 /usr/bin/mkdir -p '/tmp/ucx-clinic-38becbb6c7/patched-align-install/include/ucs'
 /usr/bin/mkdir -p '/tmp/ucx-clinic-38becbb6c7/patched-align-install/include/ucs/datastruct'
 /usr/bin/install -c -m 644  /tmp/ucx-clinic-38becbb6c7/patched-align-src/src/ucs/datastruct/array.h /tmp/ucx-clinic-38becbb6c7/patched-align-src/src/ucs/datastruct/callbackq.h /tmp/ucx-clinic-38becbb6c7/patched-align-src/src/ucs/datastruct/callbackq_compat.h /tmp/ucx-clinic-38becbb6c7/patched-align-src/src/ucs/datastruct/hlist.h /tmp/ucx-clinic-38becbb6c7/patched-align-src/src/ucs/datastruct/khash.h /tmp/ucx-clinic-38becbb6c7/patched-align-src/src/ucs/datastruct/linear_func.h /tmp/ucx-clinic-38becbb6c7/patched-align-src/src/ucs/datastruct/list.h /tmp/ucx-clinic-38becbb6c7/patched-align-src/src/ucs/datastruct/mpool.h /tmp/ucx-clinic-38becbb6c7/patched-align-src/src/ucs/datastruct/mpool_set.h /tmp/ucx-clinic-38becbb6c7/patched-align-src/src/ucs/datastruct/pgtable.h /tmp/ucx-clinic-38becbb6c7/patched-align-src/src/ucs/datastruct/piecewise_func.h /tmp/ucx-clinic-38becbb6c7/patched-align-src/src/ucs/datastruct/queue_types.h /tmp/ucx-clinic-38becbb6c7/patched-align-src/src/ucs/datastruct/strided_alloc.h /tmp/ucx-clinic-38becbb6c7/patched-align-src/src/ucs/datastruct/string_buffer.h /tmp/ucx-clinic-38becbb6c7/patched-align-src/src/ucs/datastruct/string_set.h '/tmp/ucx-clinic-38becbb6c7/patched-align-install/include/ucs/datastruct'
 /usr/bin/mkdir -p '/tmp/ucx-clinic-38becbb6c7/patched-align-install/include/ucs/vfs/base'
 /usr/bin/install -c -m 644  /tmp/ucx-clinic-38becbb6c7/patched-align-src/src/ucs/vfs/base/vfs_obj.h /tmp/ucx-clinic-38becbb6c7/patched-align-src/src/ucs/vfs/base/vfs_cb.h '/tmp/ucx-clinic-38becbb6c7/patched-align-install/include/ucs/vfs/base'
 /usr/bin/mkdir -p '/tmp/ucx-clinic-38becbb6c7/patched-align-install/include/ucs/config'
 /usr/bin/install -c -m 644  /tmp/ucx-clinic-38becbb6c7/patched-align-src/src/ucs/config/global_opts.h /tmp/ucx-clinic-38becbb6c7/patched-align-src/src/ucs/config/ini.h /tmp/ucx-clinic-38becbb6c7/patched-align-src/src/ucs/config/parser.h /tmp/ucx-clinic-38becbb6c7/patched-align-src/src/ucs/config/types.h '/tmp/ucx-clinic-38becbb6c7/patched-align-install/include/ucs/config'
 /usr/bin/mkdir -p '/tmp/ucx-clinic-38becbb6c7/patched-align-install/include/ucs/arch'
 /usr/bin/install -c -m 644  /tmp/ucx-clinic-38becbb6c7/patched-align-src/src/ucs/arch/bitops.h /tmp/ucx-clinic-38becbb6c7/patched-align-src/src/ucs/arch/atomic.h /tmp/ucx-clinic-38becbb6c7/patched-align-src/src/ucs/arch/global_opts.h '/tmp/ucx-clinic-38becbb6c7/patched-align-install/include/ucs/arch'
 /usr/bin/mkdir -p '/tmp/ucx-clinic-38becbb6c7/patched-align-install/include/ucs/type'
 /usr/bin/install -c -m 644  /tmp/ucx-clinic-38becbb6c7/patched-align-src/src/ucs/type/class.h /tmp/ucx-clinic-38becbb6c7/patched-align-src/src/ucs/type/param.h /tmp/ucx-clinic-38becbb6c7/patched-align-src/src/ucs/type/init_once.h /tmp/ucx-clinic-38becbb6c7/patched-align-src/src/ucs/type/spinlock.h /tmp/ucx-clinic-38becbb6c7/patched-align-src/src/ucs/type/status.h /tmp/ucx-clinic-38becbb6c7/patched-align-src/src/ucs/type/thread_mode.h /tmp/ucx-clinic-38becbb6c7/patched-align-src/src/ucs/type/cpu_set.h '/tmp/ucx-clinic-38becbb6c7/patched-align-install/include/ucs/type'
 /usr/bin/mkdir -p '/tmp/ucx-clinic-38becbb6c7/patched-align-install/include/ucs/async'
 /usr/bin/install -c -m 644  /tmp/ucx-clinic-38becbb6c7/patched-align-src/src/ucs/async/async_fwd.h '/tmp/ucx-clinic-38becbb6c7/patched-align-install/include/ucs/async'
 /usr/bin/mkdir -p '/tmp/ucx-clinic-38becbb6c7/patched-align-install/include/ucs/sys'
 /usr/bin/install -c -m 644  /tmp/ucx-clinic-38becbb6c7/patched-align-src/src/ucs/sys/event_set.h /tmp/ucx-clinic-38becbb6c7/patched-align-src/src/ucs/sys/compiler_def.h /tmp/ucx-clinic-38becbb6c7/patched-align-src/src/ucs/sys/device_code.h /tmp/ucx-clinic-38becbb6c7/patched-align-src/src/ucs/sys/math.h /tmp/ucx-clinic-38becbb6c7/patched-align-src/src/ucs/sys/preprocessor.h /tmp/ucx-clinic-38becbb6c7/patched-align-src/src/ucs/sys/string.h /tmp/ucx-clinic-38becbb6c7/patched-align-src/src/ucs/sys/sock.h /tmp/ucx-clinic-38becbb6c7/patched-align-src/src/ucs/sys/stubs.h /tmp/ucx-clinic-38becbb6c7/patched-align-src/src/ucs/sys/uid.h '/tmp/ucx-clinic-38becbb6c7/patched-align-install/include/ucs/sys'
 /usr/bin/mkdir -p '/tmp/ucx-clinic-38becbb6c7/patched-align-install/include/ucs/arch/rv64'
 /usr/bin/install -c -m 644  /tmp/ucx-clinic-38becbb6c7/patched-align-src/src/ucs/arch/rv64/bitops.h /tmp/ucx-clinic-38becbb6c7/patched-align-src/src/ucs/arch/rv64/global_opts.h '/tmp/ucx-clinic-38becbb6c7/patched-align-install/include/ucs/arch/rv64'
 /usr/bin/mkdir -p '/tmp/ucx-clinic-38becbb6c7/patched-align-install/include/ucs/debug'
 /usr/bin/install -c -m 644  /tmp/ucx-clinic-38becbb6c7/patched-align-src/src/ucs/debug/log_def.h /tmp/ucx-clinic-38becbb6c7/patched-align-src/src/ucs/debug/debug.h /tmp/ucx-clinic-38becbb6c7/patched-align-src/src/ucs/debug/memtrack.h '/tmp/ucx-clinic-38becbb6c7/patched-align-install/include/ucs/debug'
 /usr/bin/mkdir -p '/tmp/ucx-clinic-38becbb6c7/patched-align-install/include/ucs/arch/x86_64'
 /usr/bin/install -c -m 644  /tmp/ucx-clinic-38becbb6c7/patched-align-src/src/ucs/arch/x86_64/bitops.h /tmp/ucx-clinic-38becbb6c7/patched-align-src/src/ucs/arch/x86_64/global_opts.h /tmp/ucx-clinic-38becbb6c7/patched-align-src/src/ucs/arch/x86_64/atomic.h '/tmp/ucx-clinic-38becbb6c7/patched-align-install/include/ucs/arch/x86_64'
 /usr/bin/mkdir -p '/tmp/ucx-clinic-38becbb6c7/patched-align-install/include/ucs/arch/aarch64'
 /usr/bin/install -c -m 644  /tmp/ucx-clinic-38becbb6c7/patched-align-src/src/ucs/arch/aarch64/bitops.h /tmp/ucx-clinic-38becbb6c7/patched-align-src/src/ucs/arch/aarch64/global_opts.h '/tmp/ucx-clinic-38becbb6c7/patched-align-install/include/ucs/arch/aarch64'
 /usr/bin/mkdir -p '/tmp/ucx-clinic-38becbb6c7/patched-align-install/include/ucs/time'
 /usr/bin/install -c -m 644  /tmp/ucx-clinic-38becbb6c7/patched-align-src/src/ucs/time/time_def.h '/tmp/ucx-clinic-38becbb6c7/patched-align-install/include/ucs/time'
 /usr/bin/mkdir -p '/tmp/ucx-clinic-38becbb6c7/patched-align-install/include/ucs/algorithm'
 /usr/bin/install -c -m 644  /tmp/ucx-clinic-38becbb6c7/patched-align-src/src/ucs/algorithm/crc.h /tmp/ucx-clinic-38becbb6c7/patched-align-src/src/ucs/algorithm/qsort_r.h /tmp/ucx-clinic-38becbb6c7/patched-align-src/src/ucs/algorithm/string_distance.h '/tmp/ucx-clinic-38becbb6c7/patched-align-install/include/ucs/algorithm'
 /usr/bin/mkdir -p '/tmp/ucx-clinic-38becbb6c7/patched-align-install/include/ucs/arch/generic'
 /usr/bin/install -c -m 644  /tmp/ucx-clinic-38becbb6c7/patched-align-src/src/ucs/arch/generic/atomic.h '/tmp/ucx-clinic-38becbb6c7/patched-align-install/include/ucs/arch/generic'
 /usr/bin/mkdir -p '/tmp/ucx-clinic-38becbb6c7/patched-align-install/include/ucs/stats'
 /usr/bin/install -c -m 644  /tmp/ucx-clinic-38becbb6c7/patched-align-src/src/ucs/stats/stats_fwd.h /tmp/ucx-clinic-38becbb6c7/patched-align-src/src/ucs/stats/libstats.h '/tmp/ucx-clinic-38becbb6c7/patched-align-install/include/ucs/stats'
 /usr/bin/mkdir -p '/tmp/ucx-clinic-38becbb6c7/patched-align-install/include/ucs/profile'
 /usr/bin/install -c -m 644  /tmp/ucx-clinic-38becbb6c7/patched-align-src/src/ucs/profile/profile_defs.h /tmp/ucx-clinic-38becbb6c7/patched-align-src/src/ucs/profile/profile_off.h /tmp/ucx-clinic-38becbb6c7/patched-align-src/src/ucs/profile/profile_on.h '/tmp/ucx-clinic-38becbb6c7/patched-align-install/include/ucs/profile'
 /usr/bin/mkdir -p '/tmp/ucx-clinic-38becbb6c7/patched-align-install/include/ucs/memory'
 /usr/bin/install -c -m 644  /tmp/ucx-clinic-38becbb6c7/patched-align-src/src/ucs/memory/rcache.h /tmp/ucx-clinic-38becbb6c7/patched-align-src/src/ucs/memory/memory_type.h /tmp/ucx-clinic-38becbb6c7/patched-align-src/src/ucs/memory/memtype_cache.h /tmp/ucx-clinic-38becbb6c7/patched-align-src/src/ucs/memory/numa.h '/tmp/ucx-clinic-38becbb6c7/patched-align-install/include/ucs/memory'
 /usr/bin/mkdir -p '/tmp/ucx-clinic-38becbb6c7/patched-align-install/include/ucs/arch/ppc64'
 /usr/bin/install -c -m 644  /tmp/ucx-clinic-38becbb6c7/patched-align-src/src/ucs/arch/ppc64/bitops.h /tmp/ucx-clinic-38becbb6c7/patched-align-src/src/ucs/arch/ppc64/global_opts.h '/tmp/ucx-clinic-38becbb6c7/patched-align-install/include/ucs/arch/ppc64'
 /usr/bin/mkdir -p '/tmp/ucx-clinic-38becbb6c7/patched-align-install/include/ucs/sys/topo/base'
 /usr/bin/install -c -m 644  /tmp/ucx-clinic-38becbb6c7/patched-align-src/src/ucs/sys/topo/base/topo.h '/tmp/ucx-clinic-38becbb6c7/patched-align-install/include/ucs/sys/topo/base'
 /usr/bin/mkdir -p '/tmp/ucx-clinic-38becbb6c7/patched-align-install/lib/pkgconfig'
 /usr/bin/install -c -m 644 ucx-ucs.pc '/tmp/ucx-clinic-38becbb6c7/patched-align-install/lib/pkgconfig'
make[3]: Leaving directory '/tmp/ucx-clinic-38becbb6c7/patched-align/src/ucs'
make[2]: Leaving directory '/tmp/ucx-clinic-38becbb6c7/patched-align/src/ucs'
Making install in vfs/fuse
make[2]: Entering directory '/tmp/ucx-clinic-38becbb6c7/patched-align/src/ucs/vfs/fuse'
make[3]: Entering directory '/tmp/ucx-clinic-38becbb6c7/patched-align/src/ucs/vfs/fuse'
make[3]: Nothing to be done for 'install-exec-am'.
make[3]: Leaving directory '/tmp/ucx-clinic-38becbb6c7/patched-align/src/ucs/vfs/fuse'
make[2]: Leaving directory '/tmp/ucx-clinic-38becbb6c7/patched-align/src/ucs/vfs/fuse'
Making install in signal
make[2]: Entering directory '/tmp/ucx-clinic-38becbb6c7/patched-align/src/ucs/signal'
make[3]: Entering directory '/tmp/ucx-clinic-38becbb6c7/patched-align/src/ucs/signal'
 /usr/bin/mkdir -p '/tmp/ucx-clinic-38becbb6c7/patched-align-install/lib'
 /bin/bash ../../../libtool   --mode=install /usr/bin/install -c   libucs_signal.la '/tmp/ucx-clinic-38becbb6c7/patched-align-install/lib'
libtool: warning: relinking 'libucs_signal.la'
libtool: install: (cd /tmp/ucx-clinic-38becbb6c7/patched-align/src/ucs/signal; /bin/bash "/tmp/ucx-clinic-38becbb6c7/patched-align/libtool"  --silent --tag CC --mode=relink clang -O3 -g -Wall -Werror -fmax-type-align=16 -funwind-tables -Wframe-larger-than=8192 -Wno-missing-field-initializers -Wno-unused-parameter -Wno-unused-label -Wno-long-long -Wno-endif-labels -Wno-sign-compare -Wno-multichar -Wno-deprecated-declarations -Winvalid-pch -Wno-pointer-sign -Werror-implicit-function-declaration -Wno-format-zero-length -Wnested-externs -Wshadow -Werror=declaration-after-statement -no-suppress -g -O2 -fsanitize=alignment -Wno-error=default-const-init-var-unsafe -version-info 0:0:0 -fsanitize=alignment -o libucs_signal.la -rpath /tmp/ucx-clinic-38becbb6c7/patched-align-install/lib libucs_signal_la-signal.lo ../../../src/ucs/libucs.la -lrt -lrt )
libtool: install: /usr/bin/install -c .libs/libucs_signal.so.0.0.0T /tmp/ucx-clinic-38becbb6c7/patched-align-install/lib/libucs_signal.so.0.0.0
libtool: install: (cd /tmp/ucx-clinic-38becbb6c7/patched-align-install/lib && { ln -s -f libucs_signal.so.0.0.0 libucs_signal.so.0 || { rm -f libucs_signal.so.0 && ln -s libucs_signal.so.0.0.0 libucs_signal.so.0; }; })
libtool: install: (cd /tmp/ucx-clinic-38becbb6c7/patched-align-install/lib && { ln -s -f libucs_signal.so.0.0.0 libucs_signal.so || { rm -f libucs_signal.so && ln -s libucs_signal.so.0.0.0 libucs_signal.so; }; })
libtool: install: /usr/bin/install -c .libs/libucs_signal.lai /tmp/ucx-clinic-38becbb6c7/patched-align-install/lib/libucs_signal.la
libtool: install: /usr/bin/install -c .libs/libucs_signal.a /tmp/ucx-clinic-38becbb6c7/patched-align-install/lib/libucs_signal.a
libtool: install: chmod 644 /tmp/ucx-clinic-38becbb6c7/patched-align-install/lib/libucs_signal.a
libtool: install: ranlib /tmp/ucx-clinic-38becbb6c7/patched-align-install/lib/libucs_signal.a
libtool: finish: PATH="<HOME>/.codex/packages/standalone/releases/0.153.4-x86_64-unknown-linux-musl/codex-path:<HOME>/.local/bin:<HOME>/.codex/tmp/arg0/codex-arg0FwS4gN:<HOME>/.codex/packages/standalone/releases/0.153.4-x86_64-unknown-linux-musl/codex-path:<HOME>/.local/share/mise/installs/buf/latest/buf/bin:<HOME>/.local/share/mise/installs/delta/latest/delta-0.19.2-x86_64-unknown-linux-musl:<HOME>/.local/share/mise/installs/go/1.26.8/bin:<HOME>/.local/share/mise/installs/golangci-lint/latest/golangci-lint-2.13.2-linux-amd64:<HOME>/.local/share/mise/installs/grpcurl/latest:<HOME>/.local/share/mise/installs/java/temurin-21/bin:<HOME>/.local/share/mise/installs/just/latest:<HOME>/.local/share/mise/installs/lazygit/latest:<HOME>/.local/share/mise/installs/maven/3.9/apache-maven-3.9.16/bin:<HOME>/.local/share/mise/installs/neovim/latest/bin:<HOME>/.local/share/mise/installs/node/24/bin:<HOME>/.local/share/mise/installs/npm-pnpm/latest/node_modules/.bin:<HOME>/.local/share/mise/installs/watchexec/latest/.mise-bins:<HOME>/.local/share/mise/installs/yq/latest:<HOME>/.local/share/mise/installs/protoc/latest/bin:<HOME>/.local/share/mise/installs/kubectl/latest:<HOME>/.local/share/mise/installs/helm/latest/linux-amd64:<HOME>/.local/share/mise/installs/kind/latest:<HOME>/.local/share/mise/installs/k9s/latest:<HOME>/.local/share/mise/installs/opentofu/latest:<HOME>/.local/share/mise/installs/actionlint/latest:<HOME>/.local/share/mise/installs/hadolint/latest:<HOME>/.local/share/mise/installs/trivy/latest:<HOME>/.local/share/mise/installs/k6/latest/k6-v2.2.0-linux-amd64:<HOME>/.local/share/mise/installs/bazelisk/latest:<HOME>/.local/share/mise/installs/chezmoi/latest:<HOME>/.local/share/mise/shims:/usr/local/cuda-13.2/bin:<HOME>/.local/bin:/usr/local/sbin:/usr/local/bin:/usr/sbin:/usr/bin:/sbin:/bin:/usr/games:/usr/local/games:/snap/bin:/snap/bin:<HOME>/.local/share/JetBrains/Toolbox/scripts:/sbin" ldconfig -n /tmp/ucx-clinic-38becbb6c7/patched-align-install/lib
----------------------------------------------------------------------
Libraries have been installed in:
   /tmp/ucx-clinic-38becbb6c7/patched-align-install/lib

If you ever happen to want to link against installed libraries
in a given directory, LIBDIR, you must either use libtool, and
specify the full pathname of the library, or use the '-LLIBDIR'
flag during linking and do at least one of the following:
   - add LIBDIR to the 'LD_LIBRARY_PATH' environment variable
     during execution
   - add LIBDIR to the 'LD_RUN_PATH' environment variable
     during linking
   - use the '-Wl,-rpath -Wl,LIBDIR' linker flag
   - have your system administrator add LIBDIR to '/etc/ld.so.conf'

See any operating system documentation about shared libraries for
more information, such as the ld(1) and ld.so(8) manual pages.
----------------------------------------------------------------------
make[3]: Nothing to be done for 'install-data-am'.
make[3]: Leaving directory '/tmp/ucx-clinic-38becbb6c7/patched-align/src/ucs/signal'
make[2]: Leaving directory '/tmp/ucx-clinic-38becbb6c7/patched-align/src/ucs/signal'
make[1]: Leaving directory '/tmp/ucx-clinic-38becbb6c7/patched-align/src/ucs'
Making install in src/uct
make[1]: Entering directory '/tmp/ucx-clinic-38becbb6c7/patched-align/src/uct'
Making install in .
make[2]: Entering directory '/tmp/ucx-clinic-38becbb6c7/patched-align/src/uct'
make[3]: Entering directory '/tmp/ucx-clinic-38becbb6c7/patched-align/src/uct'
 /usr/bin/mkdir -p '/tmp/ucx-clinic-38becbb6c7/patched-align-install/lib'
 /bin/bash ../../libtool   --mode=install /usr/bin/install -c   libuct.la '/tmp/ucx-clinic-38becbb6c7/patched-align-install/lib'
libtool: warning: relinking 'libuct.la'
libtool: install: (cd /tmp/ucx-clinic-38becbb6c7/patched-align/src/uct; /bin/bash "/tmp/ucx-clinic-38becbb6c7/patched-align/libtool"  --silent --tag CC --mode=relink clang -O3 -g -Wall -Werror -fmax-type-align=16 -funwind-tables -Wframe-larger-than=8192 -Wno-missing-field-initializers -Wno-unused-parameter -Wno-unused-label -Wno-long-long -Wno-endif-labels -Wno-sign-compare -Wno-multichar -Wno-deprecated-declarations -Winvalid-pch -Wno-pointer-sign -Werror-implicit-function-declaration -Wno-format-zero-length -Wnested-externs -Wshadow -Werror=declaration-after-statement -no-suppress -g -O2 -fsanitize=alignment -Wno-error=default-const-init-var-unsafe -ldl -version-info 0:0:0 -fsanitize=alignment -o libuct.la -rpath /tmp/ucx-clinic-38becbb6c7/patched-align-install/lib base/libuct_la-uct_md.lo base/libuct_la-uct_md_vfs.lo base/libuct_la-uct_mem.lo base/libuct_la-uct_component.lo base/libuct_la-uct_iface.lo base/libuct_la-uct_iface_vfs.lo base/libuct_la-uct_worker.lo base/libuct_la-uct_cm.lo base/libuct_la-uct_vfs_attr.lo sm/base/libuct_la-sm_ep.lo sm/base/libuct_la-sm_md.lo sm/base/libuct_la-sm_iface.lo sm/mm/base/libuct_la-mm_iface.lo sm/mm/base/libuct_la-mm_ep.lo sm/mm/base/libuct_la-mm_md.lo sm/mm/posix/libuct_la-mm_posix.lo sm/mm/sysv/libuct_la-mm_sysv.lo sm/scopy/base/libuct_la-scopy_iface.lo sm/scopy/base/libuct_la-scopy_ep.lo sm/self/libuct_la-self.lo tcp/libuct_la-tcp_ep.lo tcp/libuct_la-tcp_iface.lo tcp/libuct_la-tcp_md.lo tcp/libuct_la-tcp_net.lo tcp/libuct_la-tcp_cm.lo tcp/libuct_la-tcp_base.lo tcp/libuct_la-tcp_sockcm.lo tcp/libuct_la-tcp_listener.lo tcp/libuct_la-tcp_sockcm_ep.lo ../../src/ucs/libucs.la -lrt -lrt )
libtool: install: /usr/bin/install -c .libs/libuct.so.0.0.0T /tmp/ucx-clinic-38becbb6c7/patched-align-install/lib/libuct.so.0.0.0
libtool: install: (cd /tmp/ucx-clinic-38becbb6c7/patched-align-install/lib && { ln -s -f libuct.so.0.0.0 libuct.so.0 || { rm -f libuct.so.0 && ln -s libuct.so.0.0.0 libuct.so.0; }; })
libtool: install: (cd /tmp/ucx-clinic-38becbb6c7/patched-align-install/lib && { ln -s -f libuct.so.0.0.0 libuct.so || { rm -f libuct.so && ln -s libuct.so.0.0.0 libuct.so; }; })
libtool: install: /usr/bin/install -c .libs/libuct.lai /tmp/ucx-clinic-38becbb6c7/patched-align-install/lib/libuct.la
libtool: install: /usr/bin/install -c .libs/libuct.a /tmp/ucx-clinic-38becbb6c7/patched-align-install/lib/libuct.a
libtool: install: chmod 644 /tmp/ucx-clinic-38becbb6c7/patched-align-install/lib/libuct.a
libtool: install: ranlib /tmp/ucx-clinic-38becbb6c7/patched-align-install/lib/libuct.a
libtool: finish: PATH="<HOME>/.codex/packages/standalone/releases/0.153.4-x86_64-unknown-linux-musl/codex-path:<HOME>/.local/bin:<HOME>/.codex/tmp/arg0/codex-arg0FwS4gN:<HOME>/.codex/packages/standalone/releases/0.153.4-x86_64-unknown-linux-musl/codex-path:<HOME>/.local/share/mise/installs/buf/latest/buf/bin:<HOME>/.local/share/mise/installs/delta/latest/delta-0.19.2-x86_64-unknown-linux-musl:<HOME>/.local/share/mise/installs/go/1.26.8/bin:<HOME>/.local/share/mise/installs/golangci-lint/latest/golangci-lint-2.13.2-linux-amd64:<HOME>/.local/share/mise/installs/grpcurl/latest:<HOME>/.local/share/mise/installs/java/temurin-21/bin:<HOME>/.local/share/mise/installs/just/latest:<HOME>/.local/share/mise/installs/lazygit/latest:<HOME>/.local/share/mise/installs/maven/3.9/apache-maven-3.9.16/bin:<HOME>/.local/share/mise/installs/neovim/latest/bin:<HOME>/.local/share/mise/installs/node/24/bin:<HOME>/.local/share/mise/installs/npm-pnpm/latest/node_modules/.bin:<HOME>/.local/share/mise/installs/watchexec/latest/.mise-bins:<HOME>/.local/share/mise/installs/yq/latest:<HOME>/.local/share/mise/installs/protoc/latest/bin:<HOME>/.local/share/mise/installs/kubectl/latest:<HOME>/.local/share/mise/installs/helm/latest/linux-amd64:<HOME>/.local/share/mise/installs/kind/latest:<HOME>/.local/share/mise/installs/k9s/latest:<HOME>/.local/share/mise/installs/opentofu/latest:<HOME>/.local/share/mise/installs/actionlint/latest:<HOME>/.local/share/mise/installs/hadolint/latest:<HOME>/.local/share/mise/installs/trivy/latest:<HOME>/.local/share/mise/installs/k6/latest/k6-v2.2.0-linux-amd64:<HOME>/.local/share/mise/installs/bazelisk/latest:<HOME>/.local/share/mise/installs/chezmoi/latest:<HOME>/.local/share/mise/shims:/usr/local/cuda-13.2/bin:<HOME>/.local/bin:/usr/local/sbin:/usr/local/bin:/usr/sbin:/usr/bin:/sbin:/bin:/usr/games:/usr/local/games:/snap/bin:/snap/bin:<HOME>/.local/share/JetBrains/Toolbox/scripts:/sbin" ldconfig -n /tmp/ucx-clinic-38becbb6c7/patched-align-install/lib
----------------------------------------------------------------------
Libraries have been installed in:
   /tmp/ucx-clinic-38becbb6c7/patched-align-install/lib

If you ever happen to want to link against installed libraries
in a given directory, LIBDIR, you must either use libtool, and
specify the full pathname of the library, or use the '-LLIBDIR'
flag during linking and do at least one of the following:
   - add LIBDIR to the 'LD_LIBRARY_PATH' environment variable
     during execution
   - add LIBDIR to the 'LD_RUN_PATH' environment variable
     during linking
   - use the '-Wl,-rpath -Wl,LIBDIR' linker flag
   - have your system administrator add LIBDIR to '/etc/ld.so.conf'

See any operating system documentation about shared libraries for
more information, such as the ld(1) and ld.so(8) manual pages.
----------------------------------------------------------------------
 /usr/bin/mkdir -p '/tmp/ucx-clinic-38becbb6c7/patched-align-install/include/uct'
 /usr/bin/mkdir -p '/tmp/ucx-clinic-38becbb6c7/patched-align-install/include/uct/api'
 /usr/bin/install -c -m 644  /tmp/ucx-clinic-38becbb6c7/patched-align-src/src/uct/api/tl.h /tmp/ucx-clinic-38becbb6c7/patched-align-src/src/uct/api/uct_def.h /tmp/ucx-clinic-38becbb6c7/patched-align-src/src/uct/api/uct.h api/version.h '/tmp/ucx-clinic-38becbb6c7/patched-align-install/include/uct/api'
 /usr/bin/mkdir -p '/tmp/ucx-clinic-38becbb6c7/patched-align-install/include/uct/api/device'
 /usr/bin/install -c -m 644  /tmp/ucx-clinic-38becbb6c7/patched-align-src/src/uct/api/device/uct_device_impl.h /tmp/ucx-clinic-38becbb6c7/patched-align-src/src/uct/api/device/uct_device_types.h '/tmp/ucx-clinic-38becbb6c7/patched-align-install/include/uct/api/device'
 /usr/bin/mkdir -p '/tmp/ucx-clinic-38becbb6c7/patched-align-install/lib/pkgconfig'
 /usr/bin/install -c -m 644 ucx-uct.pc '/tmp/ucx-clinic-38becbb6c7/patched-align-install/lib/pkgconfig'
make[3]: Leaving directory '/tmp/ucx-clinic-38becbb6c7/patched-align/src/uct'
make[2]: Leaving directory '/tmp/ucx-clinic-38becbb6c7/patched-align/src/uct'
Making install in gaudi
make[2]: Entering directory '/tmp/ucx-clinic-38becbb6c7/patched-align/src/uct/gaudi'
make[3]: Entering directory '/tmp/ucx-clinic-38becbb6c7/patched-align/src/uct/gaudi'
make[4]: Entering directory '/tmp/ucx-clinic-38becbb6c7/patched-align/src/uct/gaudi'
make[4]: Nothing to be done for 'install-exec-am'.
make[4]: Leaving directory '/tmp/ucx-clinic-38becbb6c7/patched-align/src/uct/gaudi'
make[3]: Leaving directory '/tmp/ucx-clinic-38becbb6c7/patched-align/src/uct/gaudi'
make[2]: Leaving directory '/tmp/ucx-clinic-38becbb6c7/patched-align/src/uct/gaudi'
Making install in cuda
make[2]: Entering directory '/tmp/ucx-clinic-38becbb6c7/patched-align/src/uct/cuda'
make[3]: Entering directory '/tmp/ucx-clinic-38becbb6c7/patched-align/src/uct/cuda'
make[4]: Entering directory '/tmp/ucx-clinic-38becbb6c7/patched-align/src/uct/cuda'
make[4]: Nothing to be done for 'install-exec-am'.
make[4]: Leaving directory '/tmp/ucx-clinic-38becbb6c7/patched-align/src/uct/cuda'
make[3]: Leaving directory '/tmp/ucx-clinic-38becbb6c7/patched-align/src/uct/cuda'
make[2]: Leaving directory '/tmp/ucx-clinic-38becbb6c7/patched-align/src/uct/cuda'
Making install in ib
make[2]: Entering directory '/tmp/ucx-clinic-38becbb6c7/patched-align/src/uct/ib'
make[3]: Entering directory '/tmp/ucx-clinic-38becbb6c7/patched-align/src/uct/ib'
make[4]: Entering directory '/tmp/ucx-clinic-38becbb6c7/patched-align/src/uct/ib'
make[4]: Nothing to be done for 'install-exec-am'.
make[4]: Leaving directory '/tmp/ucx-clinic-38becbb6c7/patched-align/src/uct/ib'
make[3]: Leaving directory '/tmp/ucx-clinic-38becbb6c7/patched-align/src/uct/ib'
make[2]: Leaving directory '/tmp/ucx-clinic-38becbb6c7/patched-align/src/uct/ib'
Making install in rocm
make[2]: Entering directory '/tmp/ucx-clinic-38becbb6c7/patched-align/src/uct/rocm'
make[3]: Entering directory '/tmp/ucx-clinic-38becbb6c7/patched-align/src/uct/rocm'
make[3]: Nothing to be done for 'install-exec-am'.
make[3]: Leaving directory '/tmp/ucx-clinic-38becbb6c7/patched-align/src/uct/rocm'
make[2]: Leaving directory '/tmp/ucx-clinic-38becbb6c7/patched-align/src/uct/rocm'
Making install in sm
make[2]: Entering directory '/tmp/ucx-clinic-38becbb6c7/patched-align/src/uct/sm'
Making install in scopy
make[3]: Entering directory '/tmp/ucx-clinic-38becbb6c7/patched-align/src/uct/sm/scopy'
Making install in cma
make[4]: Entering directory '/tmp/ucx-clinic-38becbb6c7/patched-align/src/uct/sm/scopy/cma'
make[5]: Entering directory '/tmp/ucx-clinic-38becbb6c7/patched-align/src/uct/sm/scopy/cma'
make[5]: Nothing to be done for 'install-exec-am'.
make[5]: Leaving directory '/tmp/ucx-clinic-38becbb6c7/patched-align/src/uct/sm/scopy/cma'
make[4]: Leaving directory '/tmp/ucx-clinic-38becbb6c7/patched-align/src/uct/sm/scopy/cma'
Making install in knem
make[4]: Entering directory '/tmp/ucx-clinic-38becbb6c7/patched-align/src/uct/sm/scopy/knem'
make[5]: Entering directory '/tmp/ucx-clinic-38becbb6c7/patched-align/src/uct/sm/scopy/knem'
make[5]: Nothing to be done for 'install-exec-am'.
make[5]: Leaving directory '/tmp/ucx-clinic-38becbb6c7/patched-align/src/uct/sm/scopy/knem'
make[4]: Leaving directory '/tmp/ucx-clinic-38becbb6c7/patched-align/src/uct/sm/scopy/knem'
make[4]: Entering directory '/tmp/ucx-clinic-38becbb6c7/patched-align/src/uct/sm/scopy'
make[5]: Entering directory '/tmp/ucx-clinic-38becbb6c7/patched-align/src/uct/sm/scopy'
make[5]: Nothing to be done for 'install-exec-am'.
make[5]: Nothing to be done for 'install-data-am'.
make[5]: Leaving directory '/tmp/ucx-clinic-38becbb6c7/patched-align/src/uct/sm/scopy'
make[4]: Leaving directory '/tmp/ucx-clinic-38becbb6c7/patched-align/src/uct/sm/scopy'
make[3]: Leaving directory '/tmp/ucx-clinic-38becbb6c7/patched-align/src/uct/sm/scopy'
Making install in mm
make[3]: Entering directory '/tmp/ucx-clinic-38becbb6c7/patched-align/src/uct/sm/mm'
Making install in xpmem
make[4]: Entering directory '/tmp/ucx-clinic-38becbb6c7/patched-align/src/uct/sm/mm/xpmem'
make[5]: Entering directory '/tmp/ucx-clinic-38becbb6c7/patched-align/src/uct/sm/mm/xpmem'
make[5]: Nothing to be done for 'install-exec-am'.
make[5]: Leaving directory '/tmp/ucx-clinic-38becbb6c7/patched-align/src/uct/sm/mm/xpmem'
make[4]: Leaving directory '/tmp/ucx-clinic-38becbb6c7/patched-align/src/uct/sm/mm/xpmem'
make[4]: Entering directory '/tmp/ucx-clinic-38becbb6c7/patched-align/src/uct/sm/mm'
make[5]: Entering directory '/tmp/ucx-clinic-38becbb6c7/patched-align/src/uct/sm/mm'
make[5]: Nothing to be done for 'install-exec-am'.
make[5]: Nothing to be done for 'install-data-am'.
make[5]: Leaving directory '/tmp/ucx-clinic-38becbb6c7/patched-align/src/uct/sm/mm'
make[4]: Leaving directory '/tmp/ucx-clinic-38becbb6c7/patched-align/src/uct/sm/mm'
make[3]: Leaving directory '/tmp/ucx-clinic-38becbb6c7/patched-align/src/uct/sm/mm'
make[3]: Entering directory '/tmp/ucx-clinic-38becbb6c7/patched-align/src/uct/sm'
make[4]: Entering directory '/tmp/ucx-clinic-38becbb6c7/patched-align/src/uct/sm'
make[4]: Nothing to be done for 'install-exec-am'.
make[4]: Nothing to be done for 'install-data-am'.
make[4]: Leaving directory '/tmp/ucx-clinic-38becbb6c7/patched-align/src/uct/sm'
make[3]: Leaving directory '/tmp/ucx-clinic-38becbb6c7/patched-align/src/uct/sm'
make[2]: Leaving directory '/tmp/ucx-clinic-38becbb6c7/patched-align/src/uct/sm'
Making install in ugni
make[2]: Entering directory '/tmp/ucx-clinic-38becbb6c7/patched-align/src/uct/ugni'
make[3]: Entering directory '/tmp/ucx-clinic-38becbb6c7/patched-align/src/uct/ugni'
make[3]: Nothing to be done for 'install-exec-am'.
make[3]: Leaving directory '/tmp/ucx-clinic-38becbb6c7/patched-align/src/uct/ugni'
make[2]: Leaving directory '/tmp/ucx-clinic-38becbb6c7/patched-align/src/uct/ugni'
Making install in ze
make[2]: Entering directory '/tmp/ucx-clinic-38becbb6c7/patched-align/src/uct/ze'
make[3]: Entering directory '/tmp/ucx-clinic-38becbb6c7/patched-align/src/uct/ze'
make[4]: Entering directory '/tmp/ucx-clinic-38becbb6c7/patched-align/src/uct/ze'
make[4]: Nothing to be done for 'install-exec-am'.
make[4]: Leaving directory '/tmp/ucx-clinic-38becbb6c7/patched-align/src/uct/ze'
make[3]: Leaving directory '/tmp/ucx-clinic-38becbb6c7/patched-align/src/uct/ze'
make[2]: Leaving directory '/tmp/ucx-clinic-38becbb6c7/patched-align/src/uct/ze'
make[1]: Leaving directory '/tmp/ucx-clinic-38becbb6c7/patched-align/src/uct'
Making install in src/ucp
make[1]: Entering directory '/tmp/ucx-clinic-38becbb6c7/patched-align/src/ucp'
make[2]: Entering directory '/tmp/ucx-clinic-38becbb6c7/patched-align/src/ucp'
 /usr/bin/mkdir -p '/tmp/ucx-clinic-38becbb6c7/patched-align-install/lib'
 /bin/bash ../../libtool   --mode=install /usr/bin/install -c   libucp.la '/tmp/ucx-clinic-38becbb6c7/patched-align-install/lib'
libtool: warning: relinking 'libucp.la'
libtool: install: (cd /tmp/ucx-clinic-38becbb6c7/patched-align/src/ucp; /bin/bash "/tmp/ucx-clinic-38becbb6c7/patched-align/libtool"  --silent --tag CC --mode=relink clang -O3 -g -Wall -Werror -fmax-type-align=16 -funwind-tables -Wframe-larger-than=8192 -Wno-missing-field-initializers -Wno-unused-parameter -Wno-unused-label -Wno-long-long -Wno-endif-labels -Wno-sign-compare -Wno-multichar -Wno-deprecated-declarations -Winvalid-pch -Wno-pointer-sign -Werror-implicit-function-declaration -Wno-format-zero-length -Wnested-externs -Wshadow -Werror=declaration-after-statement -no-suppress -g -O2 -fsanitize=alignment -Wno-error=default-const-init-var-unsafe -ldl -version-info 0:0:0 -fsanitize=alignment -o libucp.la -rpath /tmp/ucx-clinic-38becbb6c7/patched-align-install/lib am/libucp_la-eager_single.lo am/libucp_la-eager_multi.lo am/libucp_la-rndv.lo core/libucp_la-ucp_context.lo core/libucp_la-ucp_tl_info.lo core/libucp_la-ucp_am.lo core/libucp_la-ucp_ep.lo core/libucp_la-ucp_ep_vfs.lo core/libucp_la-ucp_listener.lo core/libucp_la-ucp_mm.lo core/libucp_la-ucp_proxy_ep.lo core/libucp_la-ucp_request.lo core/libucp_la-ucp_rkey.lo core/libucp_la-ucp_version.lo core/libucp_la-ucp_vfs.lo core/libucp_la-ucp_worker.lo core/libucp_la-ucp_device.lo dt/libucp_la-datatype_iter.lo dt/libucp_la-dt_iov.lo dt/libucp_la-dt_sgl.lo dt/libucp_la-dt_generic.lo dt/libucp_la-dt.lo proto/libucp_la-lane_type.lo proto/libucp_la-proto_am.lo proto/libucp_la-proto_init.lo proto/libucp_la-proto_common.lo proto/libucp_la-proto_debug.lo proto/libucp_la-proto_perf.lo proto/libucp_la-proto_reconfig.lo proto/libucp_la-proto_multi.lo proto/libucp_la-proto_select.lo proto/libucp_la-proto_single.lo proto/libucp_la-proto.lo rma/libucp_la-amo_basic.lo rma/libucp_la-amo_offload.lo rma/libucp_la-amo_send.lo rma/libucp_la-amo_sw.lo rma/libucp_la-get_am.lo rma/libucp_la-get_offload.lo rma/libucp_la-put_am.lo rma/libucp_la-put_offload.lo rma/libucp_la-rma_rndv.lo rma/libucp_la-rma_send.lo rma/libucp_la-rma_sw.lo rma/libucp_la-flush.lo rndv/libucp_la-proto_rndv.lo rndv/libucp_la-rndv_am.lo rndv/libucp_la-rndv_get.lo rndv/libucp_la-rndv_ppln.lo rndv/libucp_la-rndv_put.lo rndv/libucp_la-rndv_rtr.lo rndv/libucp_la-rndv_ats.lo rndv/libucp_la-rndv_rkey_ptr.lo rndv/libucp_la-rndv.lo stream/libucp_la-stream_multi.lo stream/libucp_la-stream_recv.lo stream/libucp_la-stream_send.lo tag/libucp_la-eager_multi.lo tag/libucp_la-eager_rcv.lo tag/libucp_la-eager_snd.lo tag/libucp_la-eager_single.lo tag/libucp_la-probe.lo tag/libucp_la-tag_rndv.lo tag/libucp_la-tag_match.lo tag/libucp_la-tag_recv.lo tag/libucp_la-tag_send.lo tag/libucp_la-offload.lo tag/offload/libucp_la-eager.lo tag/offload/libucp_la-rndv.lo wireup/libucp_la-address.lo wireup/libucp_la-ep_match.lo wireup/libucp_la-select.lo wireup/libucp_la-wireup_ep.lo wireup/libucp_la-wireup.lo wireup/libucp_la-wireup_lane_info.lo wireup/libucp_la-wireup_cm.lo ../ucs/libucs.la ../uct/libuct.la -lrt -lrt )
libtool: install: /usr/bin/install -c .libs/libucp.so.0.0.0T /tmp/ucx-clinic-38becbb6c7/patched-align-install/lib/libucp.so.0.0.0
libtool: install: (cd /tmp/ucx-clinic-38becbb6c7/patched-align-install/lib && { ln -s -f libucp.so.0.0.0 libucp.so.0 || { rm -f libucp.so.0 && ln -s libucp.so.0.0.0 libucp.so.0; }; })
libtool: install: (cd /tmp/ucx-clinic-38becbb6c7/patched-align-install/lib && { ln -s -f libucp.so.0.0.0 libucp.so || { rm -f libucp.so && ln -s libucp.so.0.0.0 libucp.so; }; })
libtool: install: /usr/bin/install -c .libs/libucp.lai /tmp/ucx-clinic-38becbb6c7/patched-align-install/lib/libucp.la
libtool: install: /usr/bin/install -c .libs/libucp.a /tmp/ucx-clinic-38becbb6c7/patched-align-install/lib/libucp.a
libtool: install: chmod 644 /tmp/ucx-clinic-38becbb6c7/patched-align-install/lib/libucp.a
libtool: install: ranlib /tmp/ucx-clinic-38becbb6c7/patched-align-install/lib/libucp.a
libtool: finish: PATH="<HOME>/.codex/packages/standalone/releases/0.153.4-x86_64-unknown-linux-musl/codex-path:<HOME>/.local/bin:<HOME>/.codex/tmp/arg0/codex-arg0FwS4gN:<HOME>/.codex/packages/standalone/releases/0.153.4-x86_64-unknown-linux-musl/codex-path:<HOME>/.local/share/mise/installs/buf/latest/buf/bin:<HOME>/.local/share/mise/installs/delta/latest/delta-0.19.2-x86_64-unknown-linux-musl:<HOME>/.local/share/mise/installs/go/1.26.8/bin:<HOME>/.local/share/mise/installs/golangci-lint/latest/golangci-lint-2.13.2-linux-amd64:<HOME>/.local/share/mise/installs/grpcurl/latest:<HOME>/.local/share/mise/installs/java/temurin-21/bin:<HOME>/.local/share/mise/installs/just/latest:<HOME>/.local/share/mise/installs/lazygit/latest:<HOME>/.local/share/mise/installs/maven/3.9/apache-maven-3.9.16/bin:<HOME>/.local/share/mise/installs/neovim/latest/bin:<HOME>/.local/share/mise/installs/node/24/bin:<HOME>/.local/share/mise/installs/npm-pnpm/latest/node_modules/.bin:<HOME>/.local/share/mise/installs/watchexec/latest/.mise-bins:<HOME>/.local/share/mise/installs/yq/latest:<HOME>/.local/share/mise/installs/protoc/latest/bin:<HOME>/.local/share/mise/installs/kubectl/latest:<HOME>/.local/share/mise/installs/helm/latest/linux-amd64:<HOME>/.local/share/mise/installs/kind/latest:<HOME>/.local/share/mise/installs/k9s/latest:<HOME>/.local/share/mise/installs/opentofu/latest:<HOME>/.local/share/mise/installs/actionlint/latest:<HOME>/.local/share/mise/installs/hadolint/latest:<HOME>/.local/share/mise/installs/trivy/latest:<HOME>/.local/share/mise/installs/k6/latest/k6-v2.2.0-linux-amd64:<HOME>/.local/share/mise/installs/bazelisk/latest:<HOME>/.local/share/mise/installs/chezmoi/latest:<HOME>/.local/share/mise/shims:/usr/local/cuda-13.2/bin:<HOME>/.local/bin:/usr/local/sbin:/usr/local/bin:/usr/sbin:/usr/bin:/sbin:/bin:/usr/games:/usr/local/games:/snap/bin:/snap/bin:<HOME>/.local/share/JetBrains/Toolbox/scripts:/sbin" ldconfig -n /tmp/ucx-clinic-38becbb6c7/patched-align-install/lib
----------------------------------------------------------------------
Libraries have been installed in:
   /tmp/ucx-clinic-38becbb6c7/patched-align-install/lib

If you ever happen to want to link against installed libraries
in a given directory, LIBDIR, you must either use libtool, and
specify the full pathname of the library, or use the '-LLIBDIR'
flag during linking and do at least one of the following:
   - add LIBDIR to the 'LD_LIBRARY_PATH' environment variable
     during execution
   - add LIBDIR to the 'LD_RUN_PATH' environment variable
     during linking
   - use the '-Wl,-rpath -Wl,LIBDIR' linker flag
   - have your system administrator add LIBDIR to '/etc/ld.so.conf'

See any operating system documentation about shared libraries for
more information, such as the ld(1) and ld.so(8) manual pages.
----------------------------------------------------------------------
 /usr/bin/mkdir -p '/tmp/ucx-clinic-38becbb6c7/patched-align-install/include/ucp'
 /usr/bin/mkdir -p '/tmp/ucx-clinic-38becbb6c7/patched-align-install/include/ucp/api'
 /usr/bin/install -c -m 644  /tmp/ucx-clinic-38becbb6c7/patched-align-src/src/ucp/api/ucp_compat.h /tmp/ucx-clinic-38becbb6c7/patched-align-src/src/ucp/api/ucp_def.h api/ucp_version.h /tmp/ucx-clinic-38becbb6c7/patched-align-src/src/ucp/api/ucp.h '/tmp/ucx-clinic-38becbb6c7/patched-align-install/include/ucp/api'
 /usr/bin/mkdir -p '/tmp/ucx-clinic-38becbb6c7/patched-align-install/include/ucp/api/device'
 /usr/bin/install -c -m 644  /tmp/ucx-clinic-38becbb6c7/patched-align-src/src/ucp/api/device/ucp_device_impl.h /tmp/ucx-clinic-38becbb6c7/patched-align-src/src/ucp/api/device/ucp_device_types.h /tmp/ucx-clinic-38becbb6c7/patched-align-src/src/ucp/api/device/ucp_host.h '/tmp/ucx-clinic-38becbb6c7/patched-align-install/include/ucp/api/device'
make[2]: Leaving directory '/tmp/ucx-clinic-38becbb6c7/patched-align/src/ucp'
make[1]: Leaving directory '/tmp/ucx-clinic-38becbb6c7/patched-align/src/ucp'
Making install in src/tools/vfs
make[1]: Entering directory '/tmp/ucx-clinic-38becbb6c7/patched-align/src/tools/vfs'
make[2]: Entering directory '/tmp/ucx-clinic-38becbb6c7/patched-align/src/tools/vfs'
make[2]: Nothing to be done for 'install-data-am'.
make[2]: Leaving directory '/tmp/ucx-clinic-38becbb6c7/patched-align/src/tools/vfs'
make[1]: Leaving directory '/tmp/ucx-clinic-38becbb6c7/patched-align/src/tools/vfs'
Making install in src/tools/info
make[1]: Entering directory '/tmp/ucx-clinic-38becbb6c7/patched-align/src/tools/info'
make  install-am
make[2]: Entering directory '/tmp/ucx-clinic-38becbb6c7/patched-align/src/tools/info'
make[3]: Entering directory '/tmp/ucx-clinic-38becbb6c7/patched-align/src/tools/info'
 /usr/bin/mkdir -p '/tmp/ucx-clinic-38becbb6c7/patched-align-install/bin'
  /bin/bash ../../../libtool   --mode=install /usr/bin/install -c ucx_info '/tmp/ucx-clinic-38becbb6c7/patched-align-install/bin'
libtool: install: /usr/bin/install -c .libs/ucx_info /tmp/ucx-clinic-38becbb6c7/patched-align-install/bin/ucx_info
make[3]: Nothing to be done for 'install-data-am'.
make[3]: Leaving directory '/tmp/ucx-clinic-38becbb6c7/patched-align/src/tools/info'
make[2]: Leaving directory '/tmp/ucx-clinic-38becbb6c7/patched-align/src/tools/info'
make[1]: Leaving directory '/tmp/ucx-clinic-38becbb6c7/patched-align/src/tools/info'
Making install in src/tools/perf
make[1]: Entering directory '/tmp/ucx-clinic-38becbb6c7/patched-align/src/tools/perf'
Making install in lib
make[2]: Entering directory '/tmp/ucx-clinic-38becbb6c7/patched-align/src/tools/perf/lib'
make[3]: Entering directory '/tmp/ucx-clinic-38becbb6c7/patched-align/src/tools/perf/lib'
make[3]: Nothing to be done for 'install-exec-am'.
make[3]: Nothing to be done for 'install-data-am'.
make[3]: Leaving directory '/tmp/ucx-clinic-38becbb6c7/patched-align/src/tools/perf/lib'
make[2]: Leaving directory '/tmp/ucx-clinic-38becbb6c7/patched-align/src/tools/perf/lib'
Making install in cuda
make[2]: Entering directory '/tmp/ucx-clinic-38becbb6c7/patched-align/src/tools/perf/cuda'
make[3]: Entering directory '/tmp/ucx-clinic-38becbb6c7/patched-align/src/tools/perf/cuda'
make[3]: Nothing to be done for 'install-exec-am'.
make[3]: Leaving directory '/tmp/ucx-clinic-38becbb6c7/patched-align/src/tools/perf/cuda'
make[2]: Leaving directory '/tmp/ucx-clinic-38becbb6c7/patched-align/src/tools/perf/cuda'
Making install in rocm
make[2]: Entering directory '/tmp/ucx-clinic-38becbb6c7/patched-align/src/tools/perf/rocm'
make[3]: Entering directory '/tmp/ucx-clinic-38becbb6c7/patched-align/src/tools/perf/rocm'
make[3]: Nothing to be done for 'install-exec-am'.
make[3]: Leaving directory '/tmp/ucx-clinic-38becbb6c7/patched-align/src/tools/perf/rocm'
make[2]: Leaving directory '/tmp/ucx-clinic-38becbb6c7/patched-align/src/tools/perf/rocm'
Making install in ze
make[2]: Entering directory '/tmp/ucx-clinic-38becbb6c7/patched-align/src/tools/perf/ze'
make[3]: Entering directory '/tmp/ucx-clinic-38becbb6c7/patched-align/src/tools/perf/ze'
make[3]: Nothing to be done for 'install-exec-am'.
make[3]: Leaving directory '/tmp/ucx-clinic-38becbb6c7/patched-align/src/tools/perf/ze'
make[2]: Leaving directory '/tmp/ucx-clinic-38becbb6c7/patched-align/src/tools/perf/ze'
Making install in mad
make[2]: Entering directory '/tmp/ucx-clinic-38becbb6c7/patched-align/src/tools/perf/mad'
make[3]: Entering directory '/tmp/ucx-clinic-38becbb6c7/patched-align/src/tools/perf/mad'
make[3]: Nothing to be done for 'install-exec-am'.
make[3]: Leaving directory '/tmp/ucx-clinic-38becbb6c7/patched-align/src/tools/perf/mad'
make[2]: Leaving directory '/tmp/ucx-clinic-38becbb6c7/patched-align/src/tools/perf/mad'
make[2]: Entering directory '/tmp/ucx-clinic-38becbb6c7/patched-align/src/tools/perf'
make[3]: Entering directory '/tmp/ucx-clinic-38becbb6c7/patched-align/src/tools/perf'
 /usr/bin/mkdir -p '/tmp/ucx-clinic-38becbb6c7/patched-align-install/bin'
  /bin/bash ../../../libtool   --mode=install /usr/bin/install -c ucx_perftest ucx_perftest_daemon '/tmp/ucx-clinic-38becbb6c7/patched-align-install/bin'
libtool: install: /usr/bin/install -c .libs/ucx_perftest /tmp/ucx-clinic-38becbb6c7/patched-align-install/bin/ucx_perftest
libtool: install: /usr/bin/install -c .libs/ucx_perftest_daemon /tmp/ucx-clinic-38becbb6c7/patched-align-install/bin/ucx_perftest_daemon
 /usr/bin/mkdir -p '/tmp/ucx-clinic-38becbb6c7/patched-align-install/share/ucx/perftest'
 /usr/bin/install -c -m 644 /tmp/ucx-clinic-38becbb6c7/patched-align-src/contrib/ucx_perftest_config/msg_pow2 /tmp/ucx-clinic-38becbb6c7/patched-align-src/contrib/ucx_perftest_config/msg_pow2_large /tmp/ucx-clinic-38becbb6c7/patched-align-src/contrib/ucx_perftest_config/README /tmp/ucx-clinic-38becbb6c7/patched-align-src/contrib/ucx_perftest_config/test_types_uct /tmp/ucx-clinic-38becbb6c7/patched-align-src/contrib/ucx_perftest_config/test_types_ucp /tmp/ucx-clinic-38becbb6c7/patched-align-src/contrib/ucx_perftest_config/test_types_ucp_daemon /tmp/ucx-clinic-38becbb6c7/patched-align-src/contrib/ucx_perftest_config/test_types_ucp_device_cuda /tmp/ucx-clinic-38becbb6c7/patched-align-src/contrib/ucx_perftest_config/transports '/tmp/ucx-clinic-38becbb6c7/patched-align-install/share/ucx/perftest'
make[3]: Leaving directory '/tmp/ucx-clinic-38becbb6c7/patched-align/src/tools/perf'
make[2]: Leaving directory '/tmp/ucx-clinic-38becbb6c7/patched-align/src/tools/perf'
make[1]: Leaving directory '/tmp/ucx-clinic-38becbb6c7/patched-align/src/tools/perf'
Making install in src/tools/profile
make[1]: Entering directory '/tmp/ucx-clinic-38becbb6c7/patched-align/src/tools/profile'
make[2]: Entering directory '/tmp/ucx-clinic-38becbb6c7/patched-align/src/tools/profile'
 /usr/bin/mkdir -p '/tmp/ucx-clinic-38becbb6c7/patched-align-install/bin'
  /bin/bash ../../../libtool   --mode=install /usr/bin/install -c ucx_read_profile '/tmp/ucx-clinic-38becbb6c7/patched-align-install/bin'
libtool: install: /usr/bin/install -c .libs/ucx_read_profile /tmp/ucx-clinic-38becbb6c7/patched-align-install/bin/ucx_read_profile
make[2]: Nothing to be done for 'install-data-am'.
make[2]: Leaving directory '/tmp/ucx-clinic-38becbb6c7/patched-align/src/tools/profile'
make[1]: Leaving directory '/tmp/ucx-clinic-38becbb6c7/patched-align/src/tools/profile'
Making install in bindings/go
make[1]: Entering directory '/tmp/ucx-clinic-38becbb6c7/patched-align/bindings/go'
make[2]: Entering directory '/tmp/ucx-clinic-38becbb6c7/patched-align/bindings/go'
make  install-exec-hook
make[3]: Entering directory '/tmp/ucx-clinic-38becbb6c7/patched-align/bindings/go'
make[3]: Nothing to be done for 'install-exec-hook'.
make[3]: Leaving directory '/tmp/ucx-clinic-38becbb6c7/patched-align/bindings/go'
make[2]: Nothing to be done for 'install-data-am'.
make[2]: Leaving directory '/tmp/ucx-clinic-38becbb6c7/patched-align/bindings/go'
make[1]: Leaving directory '/tmp/ucx-clinic-38becbb6c7/patched-align/bindings/go'
Making install in bindings/java
make[1]: Entering directory '/tmp/ucx-clinic-38becbb6c7/patched-align/bindings/java'
Making install in src/main/native
make[2]: Entering directory '/tmp/ucx-clinic-38becbb6c7/patched-align/bindings/java/src/main/native'
make  install-am
make[3]: Entering directory '/tmp/ucx-clinic-38becbb6c7/patched-align/bindings/java/src/main/native'
make[4]: Entering directory '/tmp/ucx-clinic-38becbb6c7/patched-align/bindings/java/src/main/native'
make[4]: Leaving directory '/tmp/ucx-clinic-38becbb6c7/patched-align/bindings/java/src/main/native'
make[3]: Leaving directory '/tmp/ucx-clinic-38becbb6c7/patched-align/bindings/java/src/main/native'
make[2]: Leaving directory '/tmp/ucx-clinic-38becbb6c7/patched-align/bindings/java/src/main/native'
make[2]: Entering directory '/tmp/ucx-clinic-38becbb6c7/patched-align/bindings/java'
make[3]: Entering directory '/tmp/ucx-clinic-38becbb6c7/patched-align/bindings/java'
make[3]: Nothing to be done for 'install-exec-am'.
make[3]: Nothing to be done for 'install-data-am'.
make[3]: Leaving directory '/tmp/ucx-clinic-38becbb6c7/patched-align/bindings/java'
make[2]: Leaving directory '/tmp/ucx-clinic-38becbb6c7/patched-align/bindings/java'
make[1]: Leaving directory '/tmp/ucx-clinic-38becbb6c7/patched-align/bindings/java'
Making install in test/apps
make[1]: Entering directory '/tmp/ucx-clinic-38becbb6c7/patched-align/test/apps'
Making install in profiling
make[2]: Entering directory '/tmp/ucx-clinic-38becbb6c7/patched-align/test/apps/profiling'
make[3]: Entering directory '/tmp/ucx-clinic-38becbb6c7/patched-align/test/apps/profiling'
make[3]: Nothing to be done for 'install-exec-am'.
make[3]: Nothing to be done for 'install-data-am'.
make[3]: Leaving directory '/tmp/ucx-clinic-38becbb6c7/patched-align/test/apps/profiling'
make[2]: Leaving directory '/tmp/ucx-clinic-38becbb6c7/patched-align/test/apps/profiling'
Making install in iodemo
make[2]: Entering directory '/tmp/ucx-clinic-38becbb6c7/patched-align/test/apps/iodemo'
make[3]: Entering directory '/tmp/ucx-clinic-38becbb6c7/patched-align/test/apps/iodemo'
 /usr/bin/mkdir -p '/tmp/ucx-clinic-38becbb6c7/patched-align-install/bin'
  /bin/bash ../../../libtool   --mode=install /usr/bin/install -c io_demo '/tmp/ucx-clinic-38becbb6c7/patched-align-install/bin'
libtool: install: /usr/bin/install -c .libs/io_demo /tmp/ucx-clinic-38becbb6c7/patched-align-install/bin/io_demo
make[3]: Nothing to be done for 'install-data-am'.
make[3]: Leaving directory '/tmp/ucx-clinic-38becbb6c7/patched-align/test/apps/iodemo'
make[2]: Leaving directory '/tmp/ucx-clinic-38becbb6c7/patched-align/test/apps/iodemo'
make[2]: Entering directory '/tmp/ucx-clinic-38becbb6c7/patched-align/test/apps'
make[3]: Entering directory '/tmp/ucx-clinic-38becbb6c7/patched-align/test/apps'
make[3]: Nothing to be done for 'install-exec-am'.
make[3]: Nothing to be done for 'install-data-am'.
make[3]: Leaving directory '/tmp/ucx-clinic-38becbb6c7/patched-align/test/apps'
make[2]: Leaving directory '/tmp/ucx-clinic-38becbb6c7/patched-align/test/apps'
make[1]: Leaving directory '/tmp/ucx-clinic-38becbb6c7/patched-align/test/apps'
Making install in examples
make[1]: Entering directory '/tmp/ucx-clinic-38becbb6c7/patched-align/examples'
make[2]: Entering directory '/tmp/ucx-clinic-38becbb6c7/patched-align/examples'
make[2]: Nothing to be done for 'install-exec-am'.
 /usr/bin/mkdir -p '/tmp/ucx-clinic-38becbb6c7/patched-align-install/share/ucx/examples'
 /usr/bin/install -c -m 644 /tmp/ucx-clinic-38becbb6c7/patched-align-src/examples/hello_world_util.h /tmp/ucx-clinic-38becbb6c7/patched-align-src/examples/ucp_hello_world.c /tmp/ucx-clinic-38becbb6c7/patched-align-src/examples/uct_hello_world.c /tmp/ucx-clinic-38becbb6c7/patched-align-src/examples/ucp_client_server.c /tmp/ucx-clinic-38becbb6c7/patched-align-src/examples/ucp_util.h '/tmp/ucx-clinic-38becbb6c7/patched-align-install/share/ucx/examples'
make[2]: Leaving directory '/tmp/ucx-clinic-38becbb6c7/patched-align/examples'
make[1]: Leaving directory '/tmp/ucx-clinic-38becbb6c7/patched-align/examples'
Making install in cmake
make[1]: Entering directory '/tmp/ucx-clinic-38becbb6c7/patched-align/cmake'
make[2]: Entering directory '/tmp/ucx-clinic-38becbb6c7/patched-align/cmake'
make[2]: Nothing to be done for 'install-exec-am'.
 /usr/bin/mkdir -p '/tmp/ucx-clinic-38becbb6c7/patched-align-install/lib/cmake/ucx'
 /usr/bin/install -c -m 644 ucx-targets.cmake ucx-config.cmake ucx-config-version.cmake '/tmp/ucx-clinic-38becbb6c7/patched-align-install/lib/cmake/ucx'
make[2]: Leaving directory '/tmp/ucx-clinic-38becbb6c7/patched-align/cmake'
make[1]: Leaving directory '/tmp/ucx-clinic-38becbb6c7/patched-align/cmake'
Making install in config
make[1]: Entering directory '/tmp/ucx-clinic-38becbb6c7/patched-align/config'
make[2]: Entering directory '/tmp/ucx-clinic-38becbb6c7/patched-align/config'
make[2]: Nothing to be done for 'install-exec-am'.
 /usr/bin/mkdir -p '/tmp/ucx-clinic-38becbb6c7/patched-align-install/etc/ucx'
 /usr/bin/install -c -m 644 /tmp/ucx-clinic-38becbb6c7/patched-align-src/config/ucx.conf '/tmp/ucx-clinic-38becbb6c7/patched-align-install/etc/ucx'
make[2]: Leaving directory '/tmp/ucx-clinic-38becbb6c7/patched-align/config'
make[1]: Leaving directory '/tmp/ucx-clinic-38becbb6c7/patched-align/config'
make[1]: Entering directory '/tmp/ucx-clinic-38becbb6c7/patched-align'
make[2]: Entering directory '/tmp/ucx-clinic-38becbb6c7/patched-align'
make  install-exec-hook
make[3]: Entering directory '/tmp/ucx-clinic-38becbb6c7/patched-align'
make[3]: Leaving directory '/tmp/ucx-clinic-38becbb6c7/patched-align'
 /usr/bin/mkdir -p '/tmp/ucx-clinic-38becbb6c7/patched-align-install/share/ucx/perftest'
 /usr/bin/install -c -m 644 /tmp/ucx-clinic-38becbb6c7/patched-align-src/contrib/ucx_perftest_config/msg_pow2 /tmp/ucx-clinic-38becbb6c7/patched-align-src/contrib/ucx_perftest_config/msg_pow2_large /tmp/ucx-clinic-38becbb6c7/patched-align-src/contrib/ucx_perftest_config/README /tmp/ucx-clinic-38becbb6c7/patched-align-src/contrib/ucx_perftest_config/test_types_uct /tmp/ucx-clinic-38becbb6c7/patched-align-src/contrib/ucx_perftest_config/test_types_ucp /tmp/ucx-clinic-38becbb6c7/patched-align-src/contrib/ucx_perftest_config/test_types_ucp_rma /tmp/ucx-clinic-38becbb6c7/patched-align-src/contrib/ucx_perftest_config/test_types_ucp_amo /tmp/ucx-clinic-38becbb6c7/patched-align-src/contrib/ucx_perftest_config/test_types_ucp_daemon /tmp/ucx-clinic-38becbb6c7/patched-align-src/contrib/ucx_perftest_config/test_types_ucp_device_cuda /tmp/ucx-clinic-38becbb6c7/patched-align-src/contrib/ucx_perftest_config/transports '/tmp/ucx-clinic-38becbb6c7/patched-align-install/share/ucx/perftest'
 /usr/bin/mkdir -p '/tmp/ucx-clinic-38becbb6c7/patched-align-install/lib/pkgconfig'
 /usr/bin/install -c -m 644 ucx.pc '/tmp/ucx-clinic-38becbb6c7/patched-align-install/lib/pkgconfig'
make[2]: Leaving directory '/tmp/ucx-clinic-38becbb6c7/patched-align'
make[1]: Leaving directory '/tmp/ucx-clinic-38becbb6c7/patched-align'
$ ['clang', '-g', '-O2', '-fsanitize=alignment', '-Wno-error=default-const-init-var-unsafe', '-I/tmp/ucx-clinic-38becbb6c7/patched-align-install/include', '-L/tmp/ucx-clinic-38becbb6c7/patched-align-install/lib', '-Wl,-rpath,/tmp/ucx-clinic-38becbb6c7/patched-align-install/lib', '/tmp/ucx-clinic-38becbb6c7/patched-align-src/examples/ucp_hello_world.c', '-lucp', '-lucs', '-lrt', '-o', '/tmp/ucx-clinic-38becbb6c7/patched-align/clinic-bin/hello']
$ ['clang', '-g', '-O2', '-fsanitize=alignment', '-Wno-error=default-const-init-var-unsafe', '-I/tmp/ucx-clinic-38becbb6c7/patched-align-install/include', '-L/tmp/ucx-clinic-38becbb6c7/patched-align-install/lib', '-Wl,-rpath,/tmp/ucx-clinic-38becbb6c7/patched-align-install/lib', '-Wall', '-Wextra', '-Werror', '<PROJECT_ROOT>/src/clinic.c', '-lucp', '-lucs', '-o', '/tmp/ucx-clinic-38becbb6c7/patched-align/clinic-bin/clinic']
$ ['clang', '-g', '-O2', '-fsanitize=alignment', '-Wno-error=default-const-init-var-unsafe', '-I/tmp/ucx-clinic-38becbb6c7/patched-align-install/include', '-L/tmp/ucx-clinic-38becbb6c7/patched-align-install/lib', '-Wl,-rpath,/tmp/ucx-clinic-38becbb6c7/patched-align-install/lib', '-DHAVE_CONFIG_H', '-I/tmp/ucx-clinic-38becbb6c7/patched-align', '-I/tmp/ucx-clinic-38becbb6c7/patched-align-src/src', '-I/tmp/ucx-clinic-38becbb6c7/patched-align/src', '<PROJECT_ROOT>/tests/address_fields.c', '-lucp', '-lucs', '-luct', '-o', '/tmp/ucx-clinic-38becbb6c7/patched-align/clinic-bin/address_fields']
<PROJECT_ROOT>/tests/address_fields.c:4:10: fatal error: 'ucs/sys/mem.h' file not found
    4 | #include <ucs/sys/mem.h>
      |          ^~~~~~~~~~~~~~~
1 error generated.
